Collision Id,Report Number,Report Version,Is Preliminary,NCIC Code,Crash Date Time,Crash Time Description,Beat,City Id,City Code,City Name,County Code,City Is Active,City Is Incorporated,Collision Type Code,Collision Type Description,Collision Type Other Desc,Day Of Week,DispatchNotified,HasPhotographs,HitRun,IsAttachmentsMailed,IsDeleted,IsHighwayRelated,IsTowAway,JudicialDistrict,MotorVehicleInvolvedWithCode,MotorVehicleInvolvedWithDesc,MotorVehicleInvolvedWithOtherDesc,NumberInjured,NumberKilled,Weather 1,Weather 2,Road Condition 1,Road Condition 2,Special Condition,LightingCode,LightingDescription,Latitude,Longitude,MilepostDirection,MilepostDistance,MilepostMarker,MilepostUnitOfMeasure,PedestrianActionCode,PedestrianActionDesc,PreparedDate,Primary Collision Factor Code,Primary Collision Factor Violation,PrimaryCollisionFactorIsCited,PrimaryCollisionPartyNumber,PrimaryRoad,ReportingDistrict,ReportingDistrictCode,ReviewedDate,RoadwaySurfaceCode,SecondaryDirection,SecondaryDistance,SecondaryRoad,SecondaryUnitOfMeasure,SketchDesc,TrafficControlDeviceCode,CreatedDate,ModifiedDate,IsCountyRoad,IsFreeway,CHP555Version,IsAdditonalObjectStruck,NotificationDate,NotificationTimeDescription,HasDigitalMediaFiles,EvidenceNumber,IsLocationReferToNarrative,IsAOIOneSameAsLocation
2745433,210163773,2,False,3801,3/14/2021 6:16:00 PM,1816,3D12D,1227,3801,San Francisco,38,True,True,G,VEHICLE/PEDESTRAIN,,Sunday,,,,,False,False,False,,B,PEDESTRIAN,,1,0,CLOUDY,RAINING,NO UNUSUAL CONDITIONS - NO UNUSUAL CONDITIONS,,,A,DAYLIGHT,,,,,,,B,CROSSING IN CROSS WALK AT INTERSECTION,,A,21950A,,1,16TH ST,MISSI,,,B,E,8,VALENCIA ST,F,,A,7/26/2024 12:04:08 PM,1/29/2025 10:07:33 AM,,,2,,,,,,,
2761063,210092984,2,False,3801,2/10/2021 4:27:00 PM,1627,3B15C,1227,3801,San Francisco,38,True,True,G,VEHICLE/PEDESTRAIN,,Wednesday,,,,,False,False,False,,B,PEDESTRIAN,,1,0,CLEAR,,NO UNUSUAL CONDITIONS - NO UNUSUAL CONDITIONS,,,A,DAYLIGHT,,,,,,,B,CROSSING IN CROSS WALK AT INTERSECTION,,A,21950A,,1,MISSION BAY BL N,SOUTH,,,A,,,4TH ST,,,A,7/26/2024 12:37:07 PM,1/29/2025 10:22:54 AM,,,2,,,,,,,
2760567,210215001,2,False,3801,4/7/2021 10:05:00 AM,1005,4B1I,1227,3801,San Francisco,38,True,True,G,VEHICLE/PEDESTRAIN,,Wednesday,,,,,False,False,False,,B,PEDESTRIAN,,1,0,CLOUDY,,NO UNUSUAL CONDITIONS - NO UNUSUAL CONDITIONS,,,A,DAYLIGHT,,,,,,,B,CROSSING IN CROSS WALK AT INTERSECTION,,A,21950A,,1,LINCOLN WY,TRAFF,,,A,W,5,21ST AV,F,,D,7/26/2024 12:35:54 PM,1/29/2025 10:22:22 AM,,,2,,,,,,,
2760279,210137687,2,False,3801,3/2/2021 12:53:00 PM,1253,COH,1227,3801,San Francisco,38,True,True,B,SIDE SWIPE,,Tuesday,,,F,,False,False,True,,D,MOTOR VEHICLE ON OTHER ROADWAY,,0,1,CLOUDY,,NO UNUSUAL CONDITIONS - NO UNUSUAL CONDITIONS,,,A,DAYLIGHT,,,,,,,B,CROSSING IN CROSS WALK AT INTERSECTION,,A,22100A,,1,GENEVA AV,TRAFF,,,A,,,MISSION ST,,,A,7/26/2024 12:35:10 PM,1/29/2025 10:22:05 AM,,,2,,,,,,,
2760205,210078605,2,False,3801,2/4/2021 7:55:00 AM,0755,4B1D,1227,3801,San Francisco,38,True,True,G,VEHICLE/PEDESTRAIN,,Thursday,,,F,,False,False,True,,B,PEDESTRIAN,,4,1,CLEAR,,NO UNUSUAL CONDITIONS - NO UNUSUAL CONDITIONS,,,A,DAYLIGHT,,,,,,,B,CROSSING IN CROSS WALK AT INTERSECTION,,A,23152A,,1,LAKE MERCED BL,TRAFF,,,A,N,18,HIGUERA AV,F,,A,7/26/2024 12:34:58 PM,1/29/2025 10:22:00 AM,,,2,,,,,,,
2760163,210250518,2,False,3801,4/24/2021 12:20:00 AM,0020,3G13E,1227,3801,San Francisco,38,True,True,G,VEHICLE/PEDESTRAIN,,Saturday,,,F,,False,True,False,,B,PEDESTRIAN,,0,1,OTHER,,NO UNUSUAL CONDITIONS - NO UNUSUAL CONDITIONS,,,C,DARK-STREET LIGHTS,,,,,,,B,CROSSING IN CROSS WALK AT INTERSECTION,,A,21456C,,1,PARK PRESIDIO BL,RICHM,,,B,S,10,RT 1,F,,A,7/26/2024 12:34:51 PM,1/29/2025 10:21:58 AM,,,2,,,,,,,
2760162,3801,2,False,3801,4/7/2021 3:49:00 PM,1549,1549,1227,3801,San Francisco,38,True,True,G,VEHICLE/PEDESTRAIN,,Wednesday,,,,,False,False,True,,B,PEDESTRIAN,,1,1,CLEAR,,NO UNUSUAL CONDITIONS - NO UNUSUAL CONDITIONS,,,A,DAYLIGHT,,,,,,,D,CROSSING - NOT IN CROSSWALK,,A,21453D,,1,FILLMORE ST,NORTH,,,A,S,7,GOLDEN STATE AV,F,,A,7/26/2024 12:34:51 PM,1/29/2025 10:21:58 AM,,,2,,,,,,,
2760031,210206414,2,False,3801,4/3/2021 1:08:00 PM,1308,4B2D,1227,3801,San Francisco,38,True,True,G,VEHICLE/PEDESTRAIN,,Saturday,,,F,,False,False,True,,B,PEDESTRIAN,,0,1,CLEAR,,NO UNUSUAL CONDITIONS - NO UNUSUAL CONDITIONS,,,A,DAYLIGHT,,,,,,,D,CROSSING - NOT IN CROSSWALK,,A,21954A,,1,3RD ST,TRAFF,,,A,N,32,FOLSOM ST,F,,A,7/26/2024 12:34:30 PM,1/29/2025 10:21:48 AM,,,2,,,,,,,
2757581,210-180-379,2,False,3801,3/22/2021 4:48:00 PM,1648,3D41D,1227,3801,San Francisco,38,True,True,G,VEHICLE/PEDESTRAIN,,Monday,,,,,False,False,False,,B,PEDESTRIAN,,1,0,CLEAR,,NO UNUSUAL CONDITIONS - NO UNUSUAL CONDITIONS,,,A,DAYLIGHT,,,,,,,D,CROSSING - NOT IN CROSSWALK,,A,,,1,HARTFORD ST,MISSI,,,A,,,18TH ST,,,D,7/26/2024 12:28:49 PM,1/29/2025 10:19:22 AM,,,2,,,,,,,
2757580,210180200,2,False,3801,3/22/2021 3:26:00 PM,1526,3B14D,1227,3801,San Francisco,38,True,True,G,VEHICLE/PEDESTRAIN,,Monday,,,F,,False,False,False,,B,PEDESTRIAN,,1,0,CLEAR,,NO UNUSUAL CONDITIONS - NO UNUSUAL CONDITIONS,,,A,DAYLIGHT,,,,,,,E,IN ROAD - INCLUDES SHOULDER,,A,22350,,1,11TH ST,SOUTH,,,A,,,MISSION ST,,,A,7/26/2024 12:28:49 PM,1/29/2025 10:19:22 AM,,,2,,,,,,,
2757431,210186305,2,False,3801,3/25/2021 1:20:00 PM,1320,3J11C,1227,3801,San Francisco,38,True,True,,,,Thursday,,,,,False,False,False,,B,PEDESTRIAN,,1,0,CLEAR,,NO UNUSUAL CONDITIONS - NO UNUSUAL CONDITIONS,,,A,DAYLIGHT,,,,,,,F,NOT IN ROAD,,A,,,,MARKET ST,TENDE,,,A,E,20,VAN NESS AV,F,,D,7/26/2024 12:28:30 PM,1/29/2025 10:19:12 AM,,,2,,,,,,,
2757429,210186838,2,False,3801,3/25/2021 4:20:00 PM,1620,3I16D,1227,3801,San Francisco,38,True,True,B,SIDE SWIPE,,Thursday,,,,,False,False,False,,B,PEDESTRIAN,,1,0,CLEAR,,NO UNUSUAL CONDITIONS - NO UNUSUAL CONDITIONS,,,A,DAYLIGHT,,,,,,,D,CROSSING - NOT IN CROSSWALK,,A,21954A,,1,ASHTON AV,TARAV,,,A,S,50,OCEAN AV,F,,A,7/26/2024 12:28:30 PM,1/29/2025 10:19:12 AM,,,2,,,,,,,
2757422,210189650,2,False,3801,3/26/2021 8:14:00 PM,2014,1500-0,1227,3801,San Francisco,38,True,True,A,HEAD-ON,,Friday,,,,,False,False,False,,B,PEDESTRIAN,,1,0,CLEAR,CLOUDY,,,,C,DARK-STREET LIGHTS,,,,,,,,,,A,21955A,,1,16TH ST,MISSI,,,A,,,MISSION ST,,,A,7/26/2024 12:28:29 PM,1/29/2025 10:19:12 AM,,,2,,,,,,,
2757194,210197114,2,False,3801,3/30/2021 9:02:00 AM,0902,3J14A,1227,3801,San Francisco,38,True,True,G,VEHICLE/PEDESTRAIN,,Tuesday,,,F,,False,False,False,,B,PEDESTRIAN,,1,0,CLEAR,,,,,A,DAYLIGHT,,,,,,,B,CROSSING IN CROSS WALK AT INTERSECTION,,D,,,,HYDE ST,TENDE,,,A,,,TURK ST,,,A,7/26/2024 12:27:58 PM,1/29/2025 10:18:58 AM,,,2,,,,,,,
2757133,210190215,2,False,3801,3/27/2021 5:16:00 AM,0516,3J13E,1227,3801,San Francisco,38,True,True,G,VEHICLE/PEDESTRAIN,,Saturday,,,F,,False,False,False,,B,PEDESTRIAN,,1,0,CLEAR,,NO UNUSUAL CONDITIONS - NO UNUSUAL CONDITIONS,,,C,DARK-STREET LIGHTS,,,,,,,E,IN ROAD - INCLUDES SHOULDER,,A,20001A,,1,GOLDEN GATE AV,TENDE,,,A,,,HYDE ST,,,D,7/26/2024 12:27:50 PM,1/29/2025 10:18:54 AM,,,2,,,,,,,
2757132,210190328,2,False,3801,3/27/2021 8:16:00 AM,0816,,1227,3801,San Francisco,38,True,True,G,VEHICLE/PEDESTRAIN,,Saturday,,,F,,False,False,False,,B,PEDESTRIAN,,1,0,CLEAR,,NO UNUSUAL CONDITIONS - NO UNUSUAL CONDITIONS,,,A,DAYLIGHT,,,,,,,F,NOT IN ROAD,,A,21663,,1,EDDY ST,TENDE,,,A,E,162,JONES ST,F,,D,7/26/2024 12:27:50 PM,1/29/2025 10:18:54 AM,,,2,,,,,,,
2757127,210191940,2,False,3801,3/27/2021 8:28:00 PM,2028,1500,1227,3801,San Francisco,38,True,True,G,VEHICLE/PEDESTRAIN,,Saturday,,,,,False,False,False,,B,PEDESTRIAN,,1,0,CLEAR,,NO UNUSUAL CONDITIONS - NO UNUSUAL CONDITIONS,,,C,DARK-STREET LIGHTS,,,,,,,B,CROSSING IN CROSS WALK AT INTERSECTION,,A,21950A,,1,VALENCIA ST,MISSI,,,A,,,16TH STR,,,A,7/26/2024 12:27:49 PM,1/29/2025 10:18:54 AM,,,2,,,,,,,
2757124,210151273,2,False,3801,3/8/2021 7:27:00 PM,1927,3B14D,1227,3801,San Francisco,38,True,True,G,VEHICLE/PEDESTRAIN,,Monday,,,,,False,False,False,,B,PEDESTRIAN,,1,0,CLEAR,,NO UNUSUAL CONDITIONS - NO UNUSUAL CONDITIONS,,,C,DARK-STREET LIGHTS,,,,,,,B,CROSSING IN CROSS WALK AT INTERSECTION,,A,20950A,,1,10TH ST,SOUTH,,,,S,1,HARRISON ST,F,,A,7/26/2024 12:27:49 PM,1/29/2025 10:18:54 AM,,,2,,,,,,,
2757120,210143816,2,False,3801,3/5/2021 9:14:00 AM,0914,3F13A,1227,3801,San Francisco,38,True,True,G,VEHICLE/PEDESTRAIN,,Friday,,,,,False,False,False,,B,PEDESTRIAN,,1,0,CLEAR,,NO UNUSUAL CONDITIONS - NO UNUSUAL CONDITIONS,,,A,DAYLIGHT,,,,,,,B,CROSSING IN CROSS WALK AT INTERSECTION,,A,21950A,,1,KEZAR DR,PARK,,,A,,,MARTIN LUTHER KING JR DR,,,A,7/26/2024 12:27:48 PM,1/29/2025 10:18:54 AM,,,2,,,,,,,
2757118,210193742,2,False,3801,3/28/2021 6:05:00 PM,1805,E1,1227,3801,San Francisco,38,True,True,D,BROADSIDE,,Sunday,,,,,False,False,False,,B,PEDESTRIAN,,1,0,CLEAR,,NO UNUSUAL CONDITIONS - NO UNUSUAL CONDITIONS,,,A,DAYLIGHT,,,,,,,E,IN ROAD - INCLUDES SHOULDER,,A,21453D,,1,DIVISADERO ST,NORTH,,,A,,,HAIGHT ST,,,A,7/26/2024 12:27:48 PM,1/29/2025 10:18:53 AM,,,2,,,,,,,
2757048,210189917,2,False,3801,3/26/2021 10:44:00 PM,2244,3A11E,1227,3801,San Francisco,38,True,True,C,REAR END,,Friday,,,,,False,False,True,,C,OTHER MOTOR VEHICLE,,0,0,CLEAR,,NO UNUSUAL CONDITIONS - NO UNUSUAL CONDITIONS,,,C,DARK-STREET LIGHTS,,,,,,,,,,A,21703,,1,POST ST,CENTR,,,A,E,225,LEAVENWORTH ST,F,,D,7/26/2024 12:27:39 PM,1/29/2025 10:18:49 AM,,,2,,,,,,,
2757027,210154023,2,False,3801,3/10/2021 9:21:00 AM,0921,3A15A,1227,3801,San Francisco,38,True,True,G,VEHICLE/PEDESTRAIN,,Wednesday,,,M,,False,False,False,,B,PEDESTRIAN,,0,0,CLOUDY,,NO UNUSUAL CONDITIONS - NO UNUSUAL CONDITIONS,,,A,DAYLIGHT,,,,,,,D,CROSSING - NOT IN CROSSWALK,,A,21453D,,1,THE EMBARCADERO,CENTR,,,B,,,DON CHEE WY,,,A,7/26/2024 12:27:37 PM,1/29/2025 10:18:48 AM,,,2,,,,,,,
2757015,210180830,2,False,3801,3/22/2021 9:30:00 PM,2130,4,1227,3801,San Francisco,38,True,True,G,VEHICLE/PEDESTRAIN,,Monday,,,M,,False,False,False,,B,PEDESTRIAN,,0,0,CLEAR,,NO UNUSUAL CONDITIONS - NO UNUSUAL CONDITIONS,,,C,DARK-STREET LIGHTS,,,,,,,B,CROSSING IN CROSS WALK AT INTERSECTION,,A,21456B,,1,OCTAVIA ST,SOUTH,,,A,,,MARKET ST,,,A,7/26/2024 12:27:35 PM,1/29/2025 10:18:48 AM,,,2,,,,,,,
2756712,210165531,2,False,3801,3/15/2021 2:20:00 PM,1420,,1227,3801,San Francisco,38,True,True,D,BROADSIDE,,Monday,,,,,False,False,False,,B,PEDESTRIAN,,1,0,CLEAR,,NO UNUSUAL CONDITIONS - NO UNUSUAL CONDITIONS,,,A,DAYLIGHT,,,,,,,,,,A,21453D,,1,GOUGH ST,NORTH,,,A,,,HAYES ST,,,A,7/26/2024 12:26:54 PM,1/29/2025 10:18:30 AM,,,2,,,,,,,
2756696,21075148,2,False,3801,3/19/2021 8:37:00 PM,2037,3E13E,1227,3801,San Francisco,38,True,True,G,VEHICLE/PEDESTRAIN,,Friday,,,F,,False,False,False,,B,PEDESTRIAN,,1,0,CLEAR,,NO UNUSUAL CONDITIONS - NO UNUSUAL CONDITIONS,,,C,DARK-STREET LIGHTS,,,,,,,E,IN ROAD - INCLUDES SHOULDER,,A,21954B,,1,FILLMORE ST,NORTH,,,A,S,21,OFARRELL ST,F,,A,7/26/2024 12:26:52 PM,1/29/2025 10:18:29 AM,,,2,,,,,,,
2756695,210174344,2,False,3801,3/19/2021 3:20:00 PM,1520,901,1227,3801,San Francisco,38,True,True,G,VEHICLE/PEDESTRAIN,,Friday,,,,,False,False,False,,B,PEDESTRIAN,,1,0,CLEAR,,NO UNUSUAL CONDITIONS - NO UNUSUAL CONDITIONS,,,A,DAYLIGHT,,,,,,,D,CROSSING - NOT IN CROSSWALK,,A,21954B,,1,CLEMENT ST,RICHM,,,A,E,107,3RD AV,F,,D,7/26/2024 12:26:52 PM,1/29/2025 10:18:29 AM,,,2,,,,,,,
2756692,210175295,2,False,3801,3/19/2021 10:10:00 PM,2210,3C15E,1227,3801,San Francisco,38,True,True,G,VEHICLE/PEDESTRAIN,,Friday,,,F,,False,False,False,,B,PEDESTRIAN,,1,0,CLEAR,,NO UNUSUAL CONDITIONS - NO UNUSUAL CONDITIONS,,,C,DARK-STREET LIGHTS,,,,,,,B,CROSSING IN CROSS WALK AT INTERSECTION,,A,21453D,,1,SAN BRUNO AV,BAYVI,,,A,,,SILLIMAN ST,,,A,7/26/2024 12:26:52 PM,1/29/2025 10:18:28 AM,,,2,,,,,,,
2755354,210100496,2,False,3801,2/13/2021 4:35:00 PM,1635,,1227,3801,San Francisco,38,True,True,G,VEHICLE/PEDESTRAIN,,Saturday,,,,,False,False,False,,,,,1,0,CLEAR,,NO UNUSUAL CONDITIONS - NO UNUSUAL CONDITIONS,,,A,DAYLIGHT,,,,,,,B,CROSSING IN CROSS WALK AT INTERSECTION,,A,21950A,,1,STEINER ST,CENTR,,,A,,,CHESTNUT ST,,,A,7/26/2024 12:23:57 PM,1/29/2025 10:17:15 AM,,,2,,,,,,,
2752551,210192108,2,False,3801,3/27/2021 9:26:00 PM,2126,D4,1227,3801,San Francisco,38,True,True,G,VEHICLE/PEDESTRAIN,,Saturday,,,F,,False,False,True,,E,PARKED MOTOR VEHICLE,,5,0,CLEAR,,NO UNUSUAL CONDITIONS - NO UNUSUAL CONDITIONS,,,C,DARK-STREET LIGHTS,,,,,,,E,IN ROAD - INCLUDES SHOULDER,,A,22350,,1,MISSION ST,MISSI,,,A,S,41,24TH ST,F,,D,7/26/2024 12:17:57 PM,1/29/2025 10:14:34 AM,,,2,,,,,,,
2752545,210192421,2,False,3801,3/28/2021 1:28:00 AM,0128,G3,1227,3801,San Francisco,38,True,True,H,OTHER,,Sunday,,,,,False,False,False,,A,NON-COLLISION,,1,0,CLEAR,,NO UNUSUAL CONDITIONS - NO UNUSUAL CONDITIONS,,,C,DARK-STREET LIGHTS,,,,,,,,,,A,22350,,1,GEARY BL,RICHM,,,A,E,1,4TH AV,F,,,7/26/2024 12:17:55 PM,1/29/2025 10:14:34 AM,,,2,,,,,,,
2752538,210168999,2,False,3801,3/17/2021 5:27:00 AM,0527,3B14E,1227,3801,San Francisco,38,True,True,G,VEHICLE/PEDESTRAIN,,Wednesday,,,,,False,False,False,,B,PEDESTRIAN,,1,0,CLEAR,,NO UNUSUAL CONDITIONS - NO UNUSUAL CONDITIONS,,,C,DARK-STREET LIGHTS,,,,,,,B,CROSSING IN CROSS WALK AT INTERSECTION,,A,21456C,,1,BRYANT ST,SOUTH,,,A,,,5TH ST,,,A,7/26/2024 12:17:54 PM,1/29/2025 10:14:34 AM,,,2,,,,,,,
2752533,210158229,2,False,3801,3/12/2021 7:23:00 AM,0723,I3,1227,3801,San Francisco,38,True,True,G,VEHICLE/PEDESTRAIN,,Friday,,,,,False,False,False,,B,PEDESTRIAN,,1,0,CLEAR,,NO UNUSUAL CONDITIONS - NO UNUSUAL CONDITIONS,,,A,DAYLIGHT,,,,,,,B,CROSSING IN CROSS WALK AT INTERSECTION,,A,21950A,,1,NORIEGA,TARAV,,,A,W,11,44TH AV,F,,A,7/26/2024 12:17:54 PM,1/29/2025 10:14:34 AM,,,2,,,,,,,
2752516,210147454,2,False,3801,3/7/2021 2:30:00 AM,0230,3I15E,1227,3801,San Francisco,38,True,True,G,VEHICLE/PEDESTRAIN,,Sunday,,,F,,False,False,False,,B,PEDESTRIAN,,1,0,CLEAR,,NO UNUSUAL CONDITIONS - NO UNUSUAL CONDITIONS,,,C,DARK-STREET LIGHTS,,,,,,,B,CROSSING IN CROSS WALK AT INTERSECTION,,A,21950A,,1,SKYLINE BL,TARAV,,,A,,,LAKE MERCED BL,,,A,7/26/2024 12:17:51 PM,1/29/2025 10:14:33 AM,,,2,,,,,,,
2752474,210159879,2,False,3801,3/12/2021 7:53:00 PM,1953,4B3G,1227,3801,San Francisco,38,True,True,G,VEHICLE/PEDESTRAIN,,Friday,,,,,False,False,False,,B,PEDESTRIAN,,1,0,CLEAR,,NO UNUSUAL CONDITIONS - NO UNUSUAL CONDITIONS,,,C,DARK-STREET LIGHTS,,,,,,,B,CROSSING IN CROSS WALK AT INTERSECTION,,A,21456C,,1,LINCOLN WY,TRAFF,,,A,W,2,7TH AV,F,,A,7/26/2024 12:17:46 PM,1/29/2025 10:14:30 AM,,,2,,,,,,,
2766187,210225141,2,False,3801,4/12/2021 12:18:00 PM,1218,4B2D,1227,3801,San Francisco,38,True,True,G,VEHICLE/PEDESTRAIN,,Monday,,,,,False,True,False,,B,PEDESTRIAN,,1,0,CLEAR,,NO UNUSUAL CONDITIONS - NO UNUSUAL CONDITIONS,,,A,DAYLIGHT,,,,,,,F,NOT IN ROAD,,A,22106,,1,19TH AV,TRAFF,,,A,N,31,TARAVAL ST,F,,D,7/26/2024 12:49:50 PM,1/29/2025 10:28:07 AM,,,2,,,,,,,
2766119,210207616,2,False,3801,4/4/2021 1:39:00 AM,0139,3E15E,1227,3801,San Francisco,38,True,True,G,VEHICLE/PEDESTRAIN,,Sunday,,,F,,False,False,False,,B,PEDESTRIAN,,1,0,CLOUDY,WIND,NO UNUSUAL CONDITIONS - NO UNUSUAL CONDITIONS,,,C,DARK-STREET LIGHTS,,,,,,,D,CROSSING - NOT IN CROSSWALK,,A,22350,,1,LOMBARD ST,NORTH,,,A,,,FILLMORE ST,,,A,7/26/2024 12:49:40 PM,1/29/2025 10:28:03 AM,,,2,,,,,,,
2766004,210203454,2,False,3801,4/1/2021 9:40:00 PM,2140,3G15E,1227,3801,San Francisco,38,True,True,D,BROADSIDE,,Thursday,,,F,,False,False,False,,B,PEDESTRIAN,,1,0,CLEAR,,NO UNUSUAL CONDITIONS - NO UNUSUAL CONDITIONS,,,C,DARK-STREET LIGHTS,,,,,,,F,NOT IN ROAD,,A,,,,POINT LOBOS AV,RICHM,,,A,,,JUNIPERO SERRA BL,,,D,7/26/2024 12:49:22 PM,1/29/2025 10:27:56 AM,,,2,,,,,,,
2766003,210204402,2,False,3801,4/2/2021 1:01:00 PM,1301,3D13C,1227,3801,San Francisco,38,True,True,B,SIDE SWIPE,,Friday,,,F,,False,False,False,,B,PEDESTRIAN,,1,0,CLEAR,,NO UNUSUAL CONDITIONS - NO UNUSUAL CONDITIONS,,,A,DAYLIGHT,,,,,,,,,,A,22107,,1,15TH ST,MISSI,,,A,E,100,SAN BRUNO AV,F,,D,7/26/2024 12:49:22 PM,1/29/2025 10:27:56 AM,,,2,,,,,,,
2766000,210219934,2,False,3801,4/9/2021 2:48:00 PM,1448,3C14C,1227,3801,San Francisco,38,True,True,G,VEHICLE/PEDESTRAIN,,Friday,,,F,,False,False,False,,B,PEDESTRIAN,,1,0,CLEAR,,NO UNUSUAL CONDITIONS - NO UNUSUAL CONDITIONS,,,A,DAYLIGHT,,,,,,,B,CROSSING IN CROSS WALK AT INTERSECTION,,A,21950A,,1,SAN BRUNO AV,BAYVI,,,A,N,4,BACON ST,F,,A,7/26/2024 12:49:21 PM,1/29/2025 10:27:56 AM,,,2,,,,,,,
2765992,210243024,2,False,3801,4/20/2021 5:59:00 PM,1759,2,1227,3801,San Francisco,38,True,True,G,VEHICLE/PEDESTRAIN,,Tuesday,,,,,False,False,False,,B,PEDESTRIAN,,1,0,CLEAR,,NO UNUSUAL CONDITIONS - NO UNUSUAL CONDITIONS,,,A,DAYLIGHT,,,,,,,D,CROSSING - NOT IN CROSSWALK,,A,21955,,1,BAYSHORE BL,BAYVI,,,A,,,INDUSTRIAL ST,,,A,7/26/2024 12:49:20 PM,1/29/2025 10:27:55 AM,,,2,,,,,,,
2765991,210244878,2,False,3801,4/21/2021 3:21:00 PM,1521,3B12D,1227,3801,San Francisco,38,True,True,G,VEHICLE/PEDESTRAIN,,Wednesday,,,F,,False,False,False,,B,PEDESTRIAN,,1,0,CLEAR,,NO UNUSUAL CONDITIONS - NO UNUSUAL CONDITIONS,,,A,DAYLIGHT,,,,,,,D,CROSSING - NOT IN CROSSWALK,,A,22106,,1,MINNA ST,SOUTH,,,A,E,113,6TH ST,F,,D,7/26/2024 12:49:20 PM,1/29/2025 10:27:55 AM,,,2,,,,,,,
2765988,210232895,2,False,3801,4/15/2021 10:30:00 PM,2230,3C11D,1227,3801,San Francisco,38,True,True,G,VEHICLE/PEDESTRAIN,,Thursday,,,,,False,False,False,,B,PEDESTRIAN,,1,0,CLEAR,,NO UNUSUAL CONDITIONS - NO UNUSUAL CONDITIONS,,,A,DAYLIGHT,,,,,,,E,IN ROAD - INCLUDES SHOULDER,,C,,,,CHARTER OAK AV,BAYVI,,,A,,,HELENA ST,,,D,7/26/2024 12:49:20 PM,1/29/2025 10:27:55 AM,,,2,,,,,,,
2765982,210240995,2,False,3801,4/19/2021 6:34:00 PM,1834,3D15D,1227,3801,San Francisco,38,True,True,E,HIT OBJECT,,Monday,,,,,False,False,False,,I,FIXED OBJECT,,2,0,CLEAR,,NO UNUSUAL CONDITIONS - NO UNUSUAL CONDITIONS,,,A,DAYLIGHT,,,,,,,,,,A,21658A,,1,S VAN NESS AV,MISSI,,,A,N,33,24TH ST,F,,D,7/26/2024 12:49:19 PM,1/29/2025 10:27:54 AM,,,3,,,,,,,
2765980,210235463,2,False,3801,4/17/2021 12:54:00 AM,0054,3B14E,1227,3801,San Francisco,38,True,True,G,VEHICLE/PEDESTRAIN,,Saturday,,,,,False,False,False,,B,PEDESTRIAN,,1,0,CLEAR,,NO UNUSUAL CONDITIONS - NO UNUSUAL CONDITIONS,,,C,DARK-STREET LIGHTS,,,,,,,B,CROSSING IN CROSS WALK AT INTERSECTION,,B,,,1,10TH ST,SOUTH,,,A,,,MISSION ST,,,A,7/26/2024 12:49:18 PM,1/29/2025 10:27:54 AM,,,3,,,,,,,
2765978,210237340,2,False,3801,4/18/2021 3:25:00 AM,0325,3J15E,1227,3801,San Francisco,38,True,True,G,VEHICLE/PEDESTRAIN,,Sunday,,,F,,False,False,False,,B,PEDESTRIAN,,1,0,CLEAR,,NO UNUSUAL CONDITIONS - NO UNUSUAL CONDITIONS,,,C,DARK-STREET LIGHTS,,,,,,,D,CROSSING - NOT IN CROSSWALK,,A,22350,,1,MARKET ST,TENDE,,,B,,,7TH ST,,,A,7/26/2024 12:49:18 PM,1/29/2025 10:27:54 AM,,,3,,,,,,,
2765976,210233100,2,False,3801,4/15/2021 9:18:00 PM,2118,3A13E,1227,3801,San Francisco,38,True,True,G,VEHICLE/PEDESTRAIN,,Thursday,,,,,False,False,False,,B,PEDESTRIAN,,1,0,CLEAR,,NO UNUSUAL CONDITIONS - NO UNUSUAL CONDITIONS,,,E,DARK-STREET LIGHTS NOT FUNCTIONING*,,,,,,,B,CROSSING IN CROSS WALK AT INTERSECTION,,A,21950,,1,COLUMBUS AV,CENTR,,,A,,,UNION ST,,,A,7/26/2024 12:49:18 PM,1/29/2025 10:27:54 AM,,,3,,,,,,,
2765963,210224529,2,False,3801,4/12/2021 4:56:00 AM,0456,3C14E,1227,3801,San Francisco,38,True,True,G,VEHICLE/PEDESTRAIN,,Monday,,,F,,False,False,False,,B,PEDESTRIAN,,1,0,CLEAR,,NO UNUSUAL CONDITIONS - NO UNUSUAL CONDITIONS,,,C,DARK-STREET LIGHTS,,,,,,,B,CROSSING IN CROSS WALK AT INTERSECTION,,A,21453A,,1,BAY SHORE BL,BAYVI,,,A,,,INDUSTRIAL ST,,,A,7/26/2024 12:49:15 PM,1/29/2025 10:27:53 AM,,,2,,,,,,,