Collision Id,Report Number,Report Version,Is Preliminary,NCIC Code,Crash Date Time,Crash Time Description,Beat,City Id,City Code,City Name,County Code,City Is Active,City Is Incorporated,Collision Type Code,Collision Type Description,Collision Type Other Desc,Day Of Week,DispatchNotified,HasPhotographs,HitRun,IsAttachmentsMailed,IsDeleted,IsHighwayRelated,IsTowAway,JudicialDistrict,MotorVehicleInvolvedWithCode,MotorVehicleInvolvedWithDesc,MotorVehicleInvolvedWithOtherDesc,NumberInjured,NumberKilled,Weather 1,Weather 2,Road Condition 1,Road Condition 2,Special Condition,LightingCode,LightingDescription,Latitude,Longitude,MilepostDirection,MilepostDistance,MilepostMarker,MilepostUnitOfMeasure,PedestrianActionCode,PedestrianActionDesc,PreparedDate,Primary Collision Factor Code,Primary Collision Factor Violation,PrimaryCollisionFactorIsCited,PrimaryCollisionPartyNumber,PrimaryRoad,ReportingDistrict,ReportingDistrictCode,ReviewedDate,RoadwaySurfaceCode,SecondaryDirection,SecondaryDistance,SecondaryRoad,SecondaryUnitOfMeasure,SketchDesc,TrafficControlDeviceCode,CreatedDate,ModifiedDate,IsCountyRoad,IsFreeway,CHP555Version,IsAdditonalObjectStruck,NotificationDate,NotificationTimeDescription,HasDigitalMediaFiles,EvidenceNumber,IsLocationReferToNarrative,IsAOIOneSameAsLocation
2792645,210399188,2,False,3801,6/25/2021 10:44:00 PM,2244,3E14E,1227,3801,San Francisco,38,True,True,G,VEHICLE/PEDESTRAIN,,Friday,,,F,,False,False,False,,B,PEDESTRIAN,,2,0,CLEAR,,NO UNUSUAL CONDITIONS - NO UNUSUAL CONDITIONS,,,C,DARK-STREET LIGHTS,,,,,,,E,IN ROAD - INCLUDES SHOULDER,,A,22350,,1,LOMBARD ST,NORTH,,,A,E,40,FRANKLIN ST,F,,D,7/26/2024 2:06:32 PM,1/29/2025 10:57:42 AM,,,2,,,,,,,
2792640,210403024,2,False,3801,6/27/2021 6:00:00 PM,1800,3B2,1227,3801,San Francisco,38,True,True,G,VEHICLE/PEDESTRAIN,,Sunday,,,,,False,False,False,,B,PEDESTRIAN,,1,0,CLEAR,,NO UNUSUAL CONDITIONS - NO UNUSUAL CONDITIONS,,,A,DAYLIGHT,,,,,,,B,CROSSING IN CROSS WALK AT INTERSECTION,,A,21456C,,1,4TH ST,SOUTH,,,A,S,17,MISSION ST,F,,A,7/26/2024 2:06:31 PM,1/29/2025 10:57:41 AM,,,2,,,,,,,
2792635,210360214,2,False,3801,6/10/2021 9:00:00 AM,0900,3F13A,1227,3801,San Francisco,38,True,True,G,VEHICLE/PEDESTRAIN,,Thursday,,,,,False,False,False,,B,PEDESTRIAN,,1,0,CLEAR,,NO UNUSUAL CONDITIONS - NO UNUSUAL CONDITIONS,,,A,DAYLIGHT,,,,,,,B,CROSSING IN CROSS WALK AT INTERSECTION,,A,21950A,,1,DUBOCE AV,PARK,,,A,W,5,SCOTT ST,F,,A,7/26/2024 2:06:30 PM,1/29/2025 10:57:41 AM,,,2,,,,,,,
2792631,210363553,2,False,3801,6/11/2021 2:02:00 PM,1402,6CAR,1227,3801,San Francisco,38,True,True,G,VEHICLE/PEDESTRAIN,,Friday,,,F,,False,False,False,,B,PEDESTRIAN,,1,0,CLEAR,,NO UNUSUAL CONDITIONS - NO UNUSUAL CONDITIONS,,,A,DAYLIGHT,,,,,,,E,IN ROAD - INCLUDES SHOULDER,,A,21804A,,1,POTRERO AV,MISSI,,,A,N,25,16TH ST,F,,D,7/26/2024 2:06:29 PM,1/29/2025 10:57:41 AM,,,2,,,,,,,
2792624,210346690,2,False,3801,6/4/2021 3:35:00 PM,1535,3A13D,1227,3801,San Francisco,38,True,True,G,VEHICLE/PEDESTRAIN,,Friday,,,,,False,False,False,,B,PEDESTRIAN,,1,0,CLEAR,,NO UNUSUAL CONDITIONS - NO UNUSUAL CONDITIONS,,,A,DAYLIGHT,,,,,,,B,CROSSING IN CROSS WALK AT INTERSECTION,,A,21950A,,1,LOMBARD ST,CENTR,,,A,,,LEAVENWORTH ST,,,A,7/26/2024 2:06:28 PM,1/29/2025 10:57:40 AM,,,2,,,,,,,
2792623,210347121,2,False,3801,6/4/2021 6:00:00 PM,1800,B1,1227,3801,San Francisco,38,True,True,G,VEHICLE/PEDESTRAIN,,Friday,,,,,False,False,False,,B,PEDESTRIAN,,1,0,CLEAR,,NO UNUSUAL CONDITIONS - NO UNUSUAL CONDITIONS,,,A,DAYLIGHT,,,,,,,E,IN ROAD - INCLUDES SHOULDER,,A,21954,,1,3RD ST,SOUTH,,,A,S,155,MINNA ST,F,,A,7/26/2024 2:06:27 PM,1/29/2025 10:57:40 AM,,,2,,,,,,,
2792620,210348997,2,False,3801,6/5/2021 3:00:00 PM,1500,3B13C,1227,3801,San Francisco,38,True,True,G,VEHICLE/PEDESTRAIN,,Saturday,,,F,,False,False,False,,B,PEDESTRIAN,,1,0,CLEAR,,NO UNUSUAL CONDITIONS - NO UNUSUAL CONDITIONS,,,A,DAYLIGHT,,,,,,,B,CROSSING IN CROSS WALK AT INTERSECTION,,A,21950A,,1,7TH ST,SOUTH,,,A,,,MISSION ST,,,A,7/26/2024 2:06:26 PM,1/29/2025 10:57:40 AM,,,2,,,,,,,
2792614,210349917,2,False,3801,6/5/2021 11:00:00 PM,2300,3B1E,1227,3801,San Francisco,38,True,True,G,VEHICLE/PEDESTRAIN,,Saturday,,,F,,False,False,False,,B,PEDESTRIAN,,1,0,CLEAR,,NO UNUSUAL CONDITIONS - NO UNUSUAL CONDITIONS,,,B,DUSK-DAWN,,,,,,,B,CROSSING IN CROSS WALK AT INTERSECTION,,A,21950A,,1,BRANNAN ST,SOUTH,,,A,,,2ND ST,,,A,7/26/2024 2:06:25 PM,1/29/2025 10:57:40 AM,,,2,,,,,,,
2792608,210339714,2,False,3801,6/1/2021 7:03:00 PM,1903,C2,1227,3801,San Francisco,38,True,True,G,VEHICLE/PEDESTRAIN,,Tuesday,,,,,False,False,False,,B,PEDESTRIAN,,1,0,CLEAR,,NO UNUSUAL CONDITIONS - NO UNUSUAL CONDITIONS,,,A,DAYLIGHT,,,,,,,D,CROSSING - NOT IN CROSSWALK,,A,21955,,1,NEWHALL ST,BAYVI,,,A,N,68,NEWCOMB AV,F,,D,7/26/2024 2:06:24 PM,1/29/2025 10:57:39 AM,,,2,,,,,,,
2792606,210341242,2,False,3801,6/2/2021 12:30:00 PM,1230,3B13C,1227,3801,San Francisco,38,True,True,G,VEHICLE/PEDESTRAIN,,Wednesday,,,F,,False,False,False,,B,PEDESTRIAN,,1,0,CLEAR,,NO UNUSUAL CONDITIONS - NO UNUSUAL CONDITIONS,,,A,DAYLIGHT,,,,,,,B,CROSSING IN CROSS WALK AT INTERSECTION,,A,21950A,,1,17TH ST,SOUTH,,,A,,,DE HARO ST,,,D,7/26/2024 2:06:23 PM,1/29/2025 10:57:39 AM,,,3,,,,,,,
2792605,21038611,2,False,3801,6/20/2021 8:34:00 PM,2034,3E12D,1227,3801,San Francisco,38,True,True,D,BROADSIDE,,Sunday,,,,,False,False,False,,B,PEDESTRIAN,,1,0,CLEAR,,NO UNUSUAL CONDITIONS - NO UNUSUAL CONDITIONS,,,C,DARK-STREET LIGHTS,,,,,,,B,CROSSING IN CROSS WALK AT INTERSECTION,,A,21453B,,1,GEARY BL,NORTH,,,A,,,WEBSTER ST,,,A,7/26/2024 2:06:23 PM,1/29/2025 10:57:39 AM,,,3,,,,,,,
2792397,210365725,2,False,3801,6/12/2021 12:20:00 PM,1220,3I41,1227,3801,San Francisco,38,True,True,E,HIT OBJECT,,Saturday,,,,,False,False,True,,I,FIXED OBJECT,,1,0,CLEAR,,NO UNUSUAL CONDITIONS - NO UNUSUAL CONDITIONS,,,A,DAYLIGHT,,,,,,,F,NOT IN ROAD,,A,22350,,1,NORIEGA ST,TARAV,,,A,,,NORIEGA ST 2549,,,D,7/26/2024 2:05:45 PM,1/29/2025 10:57:25 AM,,,2,,,,,,,
2810185,210433429,2,False,3801,7/9/2021 7:45:00 PM,1945,3B114,1227,3801,San Francisco,38,True,True,G,VEHICLE/PEDESTRAIN,,Friday,,,,,False,False,False,,B,PEDESTRIAN,,2,0,CLEAR,,NO UNUSUAL CONDITIONS - NO UNUSUAL CONDITIONS,,,A,DAYLIGHT,37.774711,-122.405414,,,,,B,CROSSING IN CROSS WALK AT INTERSECTION,,A,21950A,,1,7TH ST,SOUTH,,,A,,,RT 80,,,D,7/29/2024 9:38:54 AM,1/29/2025 11:16:43 AM,,,2,,,,,,,
2810181,210434455,2,False,3801,7/10/2021 10:41:00 AM,1041,3J,1227,3801,San Francisco,38,True,True,A,HEAD-ON,,Saturday,,,,,False,False,False,,B,PEDESTRIAN,,1,0,CLEAR,,NO UNUSUAL CONDITIONS - NO UNUSUAL CONDITIONS,,,A,DAYLIGHT,,,,,,,B,CROSSING IN CROSS WALK AT INTERSECTION,,A,21950A,,1,GOLDEN GATE AV,TENDE,,,A,,,JONES ST,,,A,7/29/2024 9:38:54 AM,1/29/2025 11:16:43 AM,,,2,,,,,,,
2810176,3D44C,2,False,3801,7/11/2021 2:47:00 PM,1447,,1227,3801,San Francisco,38,True,True,G,VEHICLE/PEDESTRAIN,,Sunday,,,,,False,False,False,,B,PEDESTRIAN,,1,0,CLEAR,,NO UNUSUAL CONDITIONS - NO UNUSUAL CONDITIONS,,,A,DAYLIGHT,,,,,,,B,CROSSING IN CROSS WALK AT INTERSECTION,,A,22106,,1,MISSION ST,MISSI,,,A,,,24TH ST,,,A,7/29/2024 9:38:53 AM,1/29/2025 11:16:42 AM,,,2,,,,,,,
2810172,210438996,2,False,3801,7/12/2021 10:41:00 AM,1041,,1227,3801,San Francisco,38,True,True,B,SIDE SWIPE,,Monday,,,,,False,False,False,,C,OTHER MOTOR VEHICLE,,1,0,,,NO UNUSUAL CONDITIONS - NO UNUSUAL CONDITIONS,,,A,DAYLIGHT,,,,,,,B,CROSSING IN CROSS WALK AT INTERSECTION,,A,21453A,,1,FRONT ST,CENTR,,,A,,,CALIFORNIA ST,,,A,7/29/2024 9:38:53 AM,1/29/2025 11:16:43 AM,,,2,,,,,,,
2810171,210440731,2,False,3801,7/12/2021 9:48:00 PM,2148,3J14E,1227,3801,San Francisco,38,True,True,G,VEHICLE/PEDESTRAIN,,Monday,,,F,,False,False,False,,B,PEDESTRIAN,,1,0,CLEAR,,NO UNUSUAL CONDITIONS - NO UNUSUAL CONDITIONS,,,C,DARK-STREET LIGHTS,,,,,,,B,CROSSING IN CROSS WALK AT INTERSECTION,,A,21950A,,1,LEAVENWORTH ST,TENDE,,,A,,,EDDY ST,,,A,7/29/2024 9:38:53 AM,1/29/2025 11:16:42 AM,,,2,,,,,,,
2810169,210441165,2,False,3801,7/13/2021 7:07:00 AM,0707,,1227,3801,San Francisco,38,True,True,G,VEHICLE/PEDESTRAIN,,Tuesday,,,,,False,False,False,,B,PEDESTRIAN,,1,0,CLEAR,,,,,A,DAYLIGHT,,,,,,,B,CROSSING IN CROSS WALK AT INTERSECTION,,A,21950A,,1,GOUGH,NORTH,,,B,,,FRANCISCO,,,A,7/29/2024 9:38:53 AM,1/29/2025 11:16:42 AM,,,2,,,,,,,
2809141,210482824,2,False,3801,7/30/2021 1:40:00 PM,1340,3A44C,1227,3801,San Francisco,38,True,True,G,VEHICLE/PEDESTRAIN,,Friday,,,,,False,False,False,,B,PEDESTRIAN,,1,0,CLEAR,,OBSTRUCTION ON ROADWAY* - OBSTRUCTION ON ROADWAY*,,,A,DAYLIGHT,,,,,,,E,IN ROAD - INCLUDES SHOULDER,,A,22106,,1,WASHINGTON ST,CENTR,,,A,E,78,WALTER U LUM PL,F,,D,7/29/2024 9:38:01 AM,1/29/2025 11:15:29 AM,,,2,,,,,,,
2809137,210464913,2,False,3801,7/23/2021 12:07:00 AM,0007,3B14E,1227,3801,San Francisco,38,True,True,A,HEAD-ON,,Friday,,,,,False,False,False,,B,PEDESTRIAN,,1,0,CLEAR,,NO UNUSUAL CONDITIONS - NO UNUSUAL CONDITIONS,,,C,DARK-STREET LIGHTS,,,,,,,B,CROSSING IN CROSS WALK AT INTERSECTION,,A,22101D,,1,9TH ST,SOUTH,,,A,,,MISSION ST,,,,7/29/2024 9:38:00 AM,1/29/2025 11:15:28 AM,,,2,,,,,,,
2808719,210471184,2,False,3801,7/25/2021 10:24:00 PM,2224,,1227,3801,San Francisco,38,True,True,A,HEAD-ON,,Sunday,,,F,,False,False,True,,E,PARKED MOTOR VEHICLE,,1,0,CLEAR,,NO UNUSUAL CONDITIONS - NO UNUSUAL CONDITIONS,,,C,DARK-STREET LIGHTS,,,,,,,E,IN ROAD - INCLUDES SHOULDER,,A,23153A,,1,FILLMORE ST,NORTH,,,A,N,66,LOMBARD ST,F,,D,7/29/2024 9:37:42 AM,1/29/2025 11:14:59 AM,,,2,,,,,,,
2808716,210461931,2,False,3801,7/21/2021 5:56:00 PM,1756,4B3I,1227,3801,San Francisco,38,True,True,G,VEHICLE/PEDESTRAIN,,Wednesday,,,F,,False,False,False,,B,PEDESTRIAN,,1,0,CLEAR,,NO UNUSUAL CONDITIONS - NO UNUSUAL CONDITIONS,,,A,DAYLIGHT,,,,,,,B,CROSSING IN CROSS WALK AT INTERSECTION,,A,21950A,,1,FULTON ST,TRAFF,,,A,W,1,PIERCE ST,F,,D,7/29/2024 9:37:41 AM,1/29/2025 11:14:59 AM,,,2,,,,,,,
2808714,210463034,2,False,3801,7/21/2021 9:50:00 PM,2150,3D00,1227,3801,San Francisco,38,True,True,B,SIDE SWIPE,,Wednesday,,,F,,False,False,False,,B,PEDESTRIAN,,1,0,CLEAR,,NO UNUSUAL CONDITIONS - NO UNUSUAL CONDITIONS,,,C,DARK-STREET LIGHTS,,,,,,,B,CROSSING IN CROSS WALK AT INTERSECTION,,A,22107,,1,20TH ST,MISSI,,,A,,,YORK ST,,,A,7/29/2024 9:37:41 AM,1/29/2025 11:14:59 AM,,,2,,,,,,,
2808710,210480696,2,False,3801,7/29/2021 4:56:00 PM,1656,3E13D,1227,3801,San Francisco,38,True,True,G,VEHICLE/PEDESTRAIN,,Thursday,,,,,False,False,False,,B,PEDESTRIAN,,1,0,CLEAR,,CONSTRUCTION-REPAIR ZONE - CONSTRUCTION-REPAIR ZONE,,,A,DAYLIGHT,,,,,,,,,,A,21453D,,1,TURK ST,NORTH,,,A,,,VAN NESS AV,,,A,7/29/2024 9:37:41 AM,1/29/2025 11:14:59 AM,,,2,,,,,,,
2808708,210481484,2,False,3801,7/29/2021 11:35:00 PM,2335,2,1227,3801,San Francisco,38,True,True,G,VEHICLE/PEDESTRAIN,,Thursday,,,F,,False,False,False,,B,PEDESTRIAN,,1,0,CLEAR,,NO UNUSUAL CONDITIONS - NO UNUSUAL CONDITIONS,,,C,DARK-STREET LIGHTS,,,,,,,D,CROSSING - NOT IN CROSSWALK,,A,21950B,,2,TURK ST,NORTH,,,A,,,WEBSTER ST,,,D,7/29/2024 9:37:41 AM,1/29/2025 11:14:59 AM,,,2,,,,,,,
2808706,210433689,2,False,3801,7/9/2021 9:50:00 PM,2150,4B3G,1227,3801,San Francisco,38,True,True,G,VEHICLE/PEDESTRAIN,,Friday,,,F,,False,False,False,,B,PEDESTRIAN,,1,0,CLEAR,,NO UNUSUAL CONDITIONS - NO UNUSUAL CONDITIONS,,,C,DARK-STREET LIGHTS,,,,,,,B,CROSSING IN CROSS WALK AT INTERSECTION,,A,21950A,,1,3RD ST,TRAFF,,,A,N,12,KING ST,F,,A,7/29/2024 9:37:41 AM,1/29/2025 11:14:58 AM,,,2,,,,,,,
2808705,210452297,2,False,3801,7/15/2021 8:13:00 PM,2013,G3,1227,3801,San Francisco,38,True,True,G,VEHICLE/PEDESTRAIN,,Thursday,,,F,,False,False,False,,,,,1,0,,,,,,,,,,,,,,E,IN ROAD - INCLUDES SHOULDER,,A,21651B,,1,FULTON ST,RICHM,,,,,,6TH AV,,,D,7/29/2024 9:37:41 AM,1/29/2025 11:14:58 AM,,,2,,,,,,,
2808692,210483286,2,False,3801,7/30/2021 4:15:00 PM,1615,,1227,3801,San Francisco,38,True,True,G,VEHICLE/PEDESTRAIN,,Friday,,,F,,False,False,False,,B,PEDESTRIAN,,1,0,CLOUDY,,NO UNUSUAL CONDITIONS - NO UNUSUAL CONDITIONS,,,A,DAYLIGHT,,,,,,,B,CROSSING IN CROSS WALK AT INTERSECTION,,A,22450A,,1,11TH AV,TARAV,,,A,,,JUDAH ST,,,A,7/29/2024 9:37:40 AM,1/29/2025 11:14:58 AM,,,2,,,,,,,
2808453,210469515,2,False,3801,7/25/2021 5:56:00 AM,0556,3A12A,1227,3801,San Francisco,38,True,True,G,VEHICLE/PEDESTRAIN,,Sunday,,,,,False,False,False,,B,PEDESTRIAN,,1,0,CLEAR,,NO UNUSUAL CONDITIONS - NO UNUSUAL CONDITIONS,,,B,DUSK-DAWN,,,,,,,B,CROSSING IN CROSS WALK AT INTERSECTION,,A,22350A,,1,STOCKTON ST,CENTR,,,A,,,WASHINGTON ST,,,A,7/29/2024 9:37:30 AM,1/29/2025 11:14:41 AM,,,2,,,,,,,
2808448,210422030,2,False,3801,7/5/2021 12:59:00 PM,1259,3J98C,1227,3801,San Francisco,38,True,True,B,SIDE SWIPE,,Monday,,,F,,False,False,False,,B,PEDESTRIAN,,1,0,CLEAR,,NO UNUSUAL CONDITIONS - NO UNUSUAL CONDITIONS,,,A,DAYLIGHT,,,,,,,E,IN ROAD - INCLUDES SHOULDER,,A,21954A,,1,6TH ST,TENDE,,,A,N,55,MISSION ST,F,,A,7/29/2024 9:37:30 AM,1/29/2025 11:14:41 AM,,,2,,,,,,,
2808447,210413170,2,False,3801,7/1/2021 5:10:00 PM,1710,3H11D,1227,3801,San Francisco,38,True,True,G,VEHICLE/PEDESTRAIN,,Thursday,,,,,False,False,False,,B,PEDESTRIAN,,1,0,CLEAR,,NO UNUSUAL CONDITIONS - NO UNUSUAL CONDITIONS,,,A,DAYLIGHT,,,,,,,B,CROSSING IN CROSS WALK AT INTERSECTION,,A,21950A,,1,SAN JOSE AV,INGLI,,,A,,,RANDALL ST,,,A,7/29/2024 9:37:30 AM,1/29/2025 11:14:41 AM,,,2,,,,,,,
2808362,210478936,2,False,3801,7/28/2021 11:16:00 PM,2316,3E3E,1227,3801,San Francisco,38,True,True,G,VEHICLE/PEDESTRAIN,,Wednesday,,,,,False,False,False,,B,PEDESTRIAN,,1,0,CLEAR,,OTHER* - OTHER*,,,C,DARK-STREET LIGHTS,,,,,,,E,IN ROAD - INCLUDES SHOULDER,,A,21954,,1,GOUGH ST,NORTH,,,A,,,EDDY ST,,,A,7/29/2024 9:37:26 AM,1/29/2025 11:14:34 AM,,,3,,,,,,,
2808361,210471178,2,False,3801,7/25/2021 9:45:00 PM,2145,3H13E,1227,3801,San Francisco,38,True,True,,,,Sunday,,,F,,False,False,False,,B,PEDESTRIAN,,1,0,OTHER,,OTHER* - OTHER*,,,,,,,,,,,B,CROSSING IN CROSS WALK AT INTERSECTION,,A,22350,,1,PALOU AVE,INGLE,,,,,,SILVER AV,,,D,7/29/2024 9:37:26 AM,1/29/2025 11:14:34 AM,,,3,,,,,,,
2808360,210475001,2,False,3801,7/27/2021 2:15:00 PM,1415,,1227,3801,San Francisco,38,True,True,G,VEHICLE/PEDESTRAIN,,Tuesday,,,,,False,False,False,,B,PEDESTRIAN,,1,0,CLEAR,,NO UNUSUAL CONDITIONS - NO UNUSUAL CONDITIONS,,,A,DAYLIGHT,,,,,,,B,CROSSING IN CROSS WALK AT INTERSECTION,,A,21950A,,1,MARKET ST,TRAFF,,,A,,,7TH ST,,,A,7/29/2024 9:37:26 AM,1/29/2025 11:14:34 AM,,,3,,,,,,,
2808357,210477041,2,False,3801,7/28/2021 10:40:00 AM,1040,3E14A,1227,3801,San Francisco,38,True,True,,,,Wednesday,,,,,False,False,False,,B,PEDESTRIAN,,1,0,CLEAR,,NO UNUSUAL CONDITIONS - NO UNUSUAL CONDITIONS,,,A,DAYLIGHT,,,,,,,B,CROSSING IN CROSS WALK AT INTERSECTION,,A,21950A,,1,SUTTER ST,NORTH,,,A,,,PIERCE ST,,,D,7/29/2024 9:37:25 AM,1/29/2025 11:14:34 AM,,,3,,,,,,,
2808349,210470459,2,False,3801,7/25/2021 3:08:00 PM,1508,3A12C,1227,3801,San Francisco,38,True,True,G,VEHICLE/PEDESTRAIN,,Sunday,,,,,False,False,False,,B,PEDESTRIAN,,1,0,CLEAR,,NO UNUSUAL CONDITIONS - NO UNUSUAL CONDITIONS,,,A,DAYLIGHT,,,,,,,B,CROSSING IN CROSS WALK AT INTERSECTION,,A,22106,,1,BATTERY ST,CENTR,,,A,,,PINE ST,,,A,7/29/2024 9:37:25 AM,1/29/2025 11:14:33 AM,,,3,,,,,,,
2808305,210460513,2,False,3801,7/21/2021 8:08:00 AM,0808,3E11A,1227,3801,San Francisco,38,True,True,G,VEHICLE/PEDESTRAIN,,Wednesday,,,,,False,False,False,,B,PEDESTRIAN,,1,0,CLOUDY,,NO UNUSUAL CONDITIONS - NO UNUSUAL CONDITIONS,,,A,DAYLIGHT,,,,,,,B,CROSSING IN CROSS WALK AT INTERSECTION,,A,21950A,,1,OCTAVIA ST,NORTH,,,A,,,GREEN ST,,,A,7/29/2024 9:37:23 AM,1/29/2025 11:14:30 AM,,,2,,,,,,,
2808303,210446375,2,False,3801,7/15/2021 4:34:00 AM,0434,3A15E,1227,3801,San Francisco,38,True,True,G,VEHICLE/PEDESTRAIN,,Thursday,,,,,False,False,False,,B,PEDESTRIAN,,1,0,CLEAR,,NO UNUSUAL CONDITIONS - NO UNUSUAL CONDITIONS,,,C,DARK-STREET LIGHTS,,,,,,,D,CROSSING - NOT IN CROSSWALK,,A,21453D,,1,MARKET ST,CENTR,,,A,,,DRUMM ST,,,A,7/29/2024 9:37:23 AM,1/29/2025 11:14:30 AM,,,2,,,,,,,
2808291,210439217,2,False,3801,7/12/2021 12:52:00 PM,1252,3E11A,1227,3801,San Francisco,38,True,True,G,VEHICLE/PEDESTRAIN,,Monday,,,,,False,False,False,,B,PEDESTRIAN,,1,0,CLEAR,,CONSTRUCTION-REPAIR ZONE - CONSTRUCTION-REPAIR ZONE,,,A,DAYLIGHT,,,,,,,E,IN ROAD - INCLUDES SHOULDER,,A,21950A,,1,WILLOW,NORTH,,,A,,,WILLOW 200,,,D,7/29/2024 9:37:22 AM,1/29/2025 11:14:29 AM,,,2,,,,,,,
2808289,210464957,2,False,3801,7/23/2021 12:54:00 AM,0054,3C12E,1227,3801,San Francisco,38,True,True,G,VEHICLE/PEDESTRAIN,,Friday,,,F,,False,False,False,,B,PEDESTRIAN,,1,0,CLEAR,,NO UNUSUAL CONDITIONS - NO UNUSUAL CONDITIONS,,,C,DARK-STREET LIGHTS,,,,,,,B,CROSSING IN CROSS WALK AT INTERSECTION,,A,22350,,1,NEWCOMB AV,BAYVI,,,A,,,QUINT ST,,,D,7/29/2024 9:37:22 AM,1/29/2025 11:14:29 AM,,,2,,,,,,,
2808287,210454083,2,False,3801,7/18/2021 1:40:00 PM,1340,3F,1227,3801,San Francisco,38,True,True,G,VEHICLE/PEDESTRAIN,,Sunday,,,F,,False,False,False,,B,PEDESTRIAN,,0,0,CLEAR,,NO UNUSUAL CONDITIONS - NO UNUSUAL CONDITIONS,,,A,DAYLIGHT,,,,,,,,,,A,21950A,,1,STANYAN ST,PARK,,,A,,,FELL ST,,,D,7/29/2024 9:37:22 AM,1/29/2025 11:14:29 AM,,,2,,,,,,,
2807262,210414526,2,False,3801,7/2/2021 9:27:00 AM,0927,3F14A,1227,3801,San Francisco,38,True,True,D,BROADSIDE,,Friday,,,,,False,False,False,,B,PEDESTRIAN,,2,0,CLOUDY,,NO UNUSUAL CONDITIONS - NO UNUSUAL CONDITIONS,,,A,DAYLIGHT,,,,,,,D,CROSSING - NOT IN CROSSWALK,,B,,,1,WALLER ST,PARK,,,B,,,WEBSTER ST,,,A,7/29/2024 9:36:35 AM,1/29/2025 11:13:14 AM,,,2,,,,,,,
2807260,210411958,2,False,3801,7/1/2021 10:00:00 AM,1000,3J15D,1227,3801,San Francisco,38,True,True,G,VEHICLE/PEDESTRAIN,,Thursday,,,F,,False,False,False,,B,PEDESTRIAN,,1,0,CLOUDY,,NO UNUSUAL CONDITIONS - NO UNUSUAL CONDITIONS,,,A,DAYLIGHT,,,,,,,D,CROSSING - NOT IN CROSSWALK,,A,21955,,1,EDDY ST,TENDE,,,A,,,TAYLOR ST,,,A,7/29/2024 9:36:35 AM,1/29/2025 11:13:14 AM,,,2,,,,,,,
2807088,210429600,2,False,3801,7/8/2021 12:05:00 PM,1205,3B11C,1227,3801,San Francisco,38,True,True,B,SIDE SWIPE,,Thursday,,,,,False,False,False,,B,PEDESTRIAN,,2,0,CLEAR,,NO UNUSUAL CONDITIONS - NO UNUSUAL CONDITIONS,,,A,DAYLIGHT,,,,,,,D,CROSSING - NOT IN CROSSWALK,,A,21650,,1,FOLSOM ST,SOUTH,,,A,E,155,ESSEX ST,F,,D,7/29/2024 9:36:27 AM,1/29/2025 11:13:02 AM,,,2,,,,,,,
2807071,210418998,2,False,3801,7/4/2021 1:27:00 AM,0127,3E15E,1227,3801,San Francisco,38,True,True,G,VEHICLE/PEDESTRAIN,,Sunday,,,,,False,False,False,,B,PEDESTRIAN,,1,0,CLEAR,,NO UNUSUAL CONDITIONS - NO UNUSUAL CONDITIONS,,,C,DARK-STREET LIGHTS,,,,,,,B,CROSSING IN CROSS WALK AT INTERSECTION,,A,21453D,,1,LOMBARD ST,NORTH,,,B,,,WEBSTER ST,,,A,7/29/2024 9:36:26 AM,1/29/2025 11:13:00 AM,,,2,,,,,,,
2807068,210439041,2,False,3801,7/12/2021 10:05:00 AM,1005,3I11A,1227,3801,San Francisco,38,True,True,G,VEHICLE/PEDESTRAIN,,Monday,,,M,,False,False,False,,B,PEDESTRIAN,,1,0,CLOUDY,,NO UNUSUAL CONDITIONS - NO UNUSUAL CONDITIONS,,,A,DAYLIGHT,,,,,,,E,IN ROAD - INCLUDES SHOULDER,,A,22350,,1,19TH AV,TARAV,,,A,S,12,LAWTON ST,F,,A,7/29/2024 9:36:26 AM,1/29/2025 11:13:00 AM,,,2,,,,,,,
2807065,210444896,2,False,3801,7/14/2021 2:43:00 PM,1443,3D13C,1227,3801,San Francisco,38,True,True,G,VEHICLE/PEDESTRAIN,,Wednesday,,,,,False,False,False,,B,PEDESTRIAN,,1,0,CLEAR,,NO UNUSUAL CONDITIONS - NO UNUSUAL CONDITIONS,,,A,DAYLIGHT,,,,,,,B,CROSSING IN CROSS WALK AT INTERSECTION,,A,21950A,,1,VALENCIA ST,MISSI,,,A,S,7,25TH ST,F,,A,7/29/2024 9:36:26 AM,1/29/2025 11:13:00 AM,,,2,,,,,,,