Collision Id,Report Number,Report Version,Is Preliminary,NCIC Code,Crash Date Time,Crash Time Description,Beat,City Id,City Code,City Name,County Code,City Is Active,City Is Incorporated,Collision Type Code,Collision Type Description,Collision Type Other Desc,Day Of Week,DispatchNotified,HasPhotographs,HitRun,IsAttachmentsMailed,IsDeleted,IsHighwayRelated,IsTowAway,JudicialDistrict,MotorVehicleInvolvedWithCode,MotorVehicleInvolvedWithDesc,MotorVehicleInvolvedWithOtherDesc,NumberInjured,NumberKilled,Weather 1,Weather 2,Road Condition 1,Road Condition 2,Special Condition,LightingCode,LightingDescription,Latitude,Longitude,MilepostDirection,MilepostDistance,MilepostMarker,MilepostUnitOfMeasure,PedestrianActionCode,PedestrianActionDesc,PreparedDate,Primary Collision Factor Code,Primary Collision Factor Violation,PrimaryCollisionFactorIsCited,PrimaryCollisionPartyNumber,PrimaryRoad,ReportingDistrict,ReportingDistrictCode,ReviewedDate,RoadwaySurfaceCode,SecondaryDirection,SecondaryDistance,SecondaryRoad,SecondaryUnitOfMeasure,SketchDesc,TrafficControlDeviceCode,CreatedDate,ModifiedDate,IsCountyRoad,IsFreeway,CHP555Version,IsAdditonalObjectStruck,NotificationDate,NotificationTimeDescription,HasDigitalMediaFiles,EvidenceNumber,IsLocationReferToNarrative,IsAOIOneSameAsLocation
2825477,210602878,2,False,3801,9/17/2021 2:32:00 PM,1432,3E91,1227,3801,San Francisco,38,True,True,G,VEHICLE/PEDESTRAIN,,Friday,,,F,,False,False,False,,B,PEDESTRIAN,,1,0,CLEAR,,NO UNUSUAL CONDITIONS - NO UNUSUAL CONDITIONS,,,A,DAYLIGHT,,,,,,,B,CROSSING IN CROSS WALK AT INTERSECTION,,A,21950A,,1,DIVISADERO ST,NORTH,,,A,,,FULTON ST,,,A,7/29/2024 9:54:26 AM,1/29/2025 2:32:30 PM,,,2,,,,,,,
2825470,210564864,2,False,3801,9/2/2021 2:10:00 PM,1410,,1227,3801,San Francisco,38,True,True,G,VEHICLE/PEDESTRAIN,,Thursday,,,,,False,False,False,,B,PEDESTRIAN,,1,0,CLEAR,,NO UNUSUAL CONDITIONS - NO UNUSUAL CONDITIONS,,,A,DAYLIGHT,,,,,,,B,CROSSING IN CROSS WALK AT INTERSECTION,,A,21950A,,1,21ST AV,TARAV,,,A,,,TARAVAL ST,,,D,7/29/2024 9:54:25 AM,1/29/2025 2:32:30 PM,,,2,,,,,,,
2825408,210612946,2,False,3801,9/21/2021 5:12:00 PM,1712,3A78,1227,3801,San Francisco,38,True,True,H,OTHER,,Tuesday,,,,,False,False,False,,,,,2,0,CLEAR,,NO UNUSUAL CONDITIONS - NO UNUSUAL CONDITIONS,,,A,DAYLIGHT,,,,,,,D,CROSSING - NOT IN CROSSWALK,,A,21955,,1,STOCKTON ST,CENTR,,,A,N,167,SUTTER ST,F,,D,7/29/2024 9:54:20 AM,1/29/2025 2:32:28 PM,,,2,,,,,,,
2825399,210602141,2,False,3801,9/17/2021 10:28:00 AM,1028,901,1227,3801,San Francisco,38,True,True,G,VEHICLE/PEDESTRAIN,,Friday,,,,,False,False,False,,B,PEDESTRIAN,,1,0,CLEAR,,NO UNUSUAL CONDITIONS - NO UNUSUAL CONDITIONS,,,A,DAYLIGHT,,,,,,,B,CROSSING IN CROSS WALK AT INTERSECTION,,A,21453D,,1,HYDE ST,TENDE,,,A,,,GOLDEN GATE AV,,,A,7/29/2024 9:54:19 AM,1/29/2025 2:32:27 PM,,,2,,,,,,,
2825395,210615730,2,False,3801,9/22/2021 6:17:00 PM,1817,3J42D,1227,3801,San Francisco,38,True,True,G,VEHICLE/PEDESTRAIN,,Wednesday,,,,,False,False,False,,B,PEDESTRIAN,,1,0,CLOUDY,,NO UNUSUAL CONDITIONS - NO UNUSUAL CONDITIONS,,,B,DUSK-DAWN,,,,,,,E,IN ROAD - INCLUDES SHOULDER,,A,21950A,,1,STOCKTON ST,TENDE,,,A,N,14,MARKET ST,F,,A,7/29/2024 9:54:19 AM,1/29/2025 2:32:27 PM,,,2,,,,,,,
2825323,210516138,2,False,3801,8/13/2021 3:14:00 PM,1514,3,1227,3801,San Francisco,38,True,True,G,VEHICLE/PEDESTRAIN,,Friday,,,,,False,False,True,,B,PEDESTRIAN,,2,0,CLOUDY,,NO UNUSUAL CONDITIONS - NO UNUSUAL CONDITIONS,,,A,DAYLIGHT,,,,,,,B,CROSSING IN CROSS WALK AT INTERSECTION,,A,21950A,,1,CLEMENT ST,RICHM,,,A,,,10TH AV,,,D,7/29/2024 9:54:14 AM,1/29/2025 2:32:25 PM,,,2,,,,,,,
2825144,210304808,2,False,3801,5/17/2021 10:45:00 AM,1045,,1227,3801,San Francisco,38,True,True,A,HEAD-ON,,Monday,,,,,False,False,False,,B,PEDESTRIAN,,1,0,CLEAR,,NO UNUSUAL CONDITIONS - NO UNUSUAL CONDITIONS,,,A,DAYLIGHT,,,,,,,D,CROSSING - NOT IN CROSSWALK,,A,21955,,1,EDDY ST,TENDE,,,A,,,EDDY ST 144,,,A,7/29/2024 9:54:02 AM,1/29/2025 2:32:19 PM,,,2,,,,,,,
2824555,210550926,2,False,3801,8/28/2021 12:15:00 AM,0015,3D14D,1227,3801,San Francisco,38,True,True,G,VEHICLE/PEDESTRAIN,,Saturday,,,,,False,False,False,,B,PEDESTRIAN,,1,0,CLEAR,,NO UNUSUAL CONDITIONS - NO UNUSUAL CONDITIONS,,,C,DARK-STREET LIGHTS,,,,,,,B,CROSSING IN CROSS WALK AT INTERSECTION,,A,21453D,,1,SOUTH VAN NESS AV,MISSI,,,A,,,26TH ST,,,A,7/29/2024 9:53:20 AM,1/29/2025 2:31:59 PM,,,2,,,,,,,
2824552,,2,False,3801,8/27/2021 12:48:00 AM,0048,3B11E,1227,3801,San Francisco,38,True,True,G,VEHICLE/PEDESTRAIN,,Friday,,,,,False,False,False,,B,PEDESTRIAN,,1,0,CLEAR,,NO UNUSUAL CONDITIONS - NO UNUSUAL CONDITIONS,,,C,DARK-STREET LIGHTS,,,,,,,B,CROSSING IN CROSS WALK AT INTERSECTION,,A,,,,HOWARD,SOUTH,,,A,,,STEUART ST,,,A,7/29/2024 9:53:20 AM,1/29/2025 2:31:59 PM,,,2,,,,,,,
2824550,210549468,2,False,3801,8/27/2021 12:42:00 PM,1242,3E15A,1227,3801,San Francisco,38,True,True,D,BROADSIDE,,Friday,,,,,False,False,False,,C,OTHER MOTOR VEHICLE,,2,0,CLEAR,,NO UNUSUAL CONDITIONS - NO UNUSUAL CONDITIONS,,,A,DAYLIGHT,,,,,,,B,CROSSING IN CROSS WALK AT INTERSECTION,,A,22450A,,1,MARINA BL,NORTH,,,A,S,6,BAKER ST,F,,A,7/29/2024 9:53:19 AM,1/29/2025 2:31:59 PM,,,2,,,,,,,
2824540,210508981,2,False,3801,8/10/2021 5:00:00 PM,1700,3B14D,1227,3801,San Francisco,38,True,True,G,VEHICLE/PEDESTRAIN,,Tuesday,,,,,False,False,False,,B,PEDESTRIAN,,1,0,CLEAR,,NO UNUSUAL CONDITIONS - NO UNUSUAL CONDITIONS,,,A,DAYLIGHT,,,,,,,B,CROSSING IN CROSS WALK AT INTERSECTION,,A,21950A,,1,S VAN NESS AV,SOUTH,,,A,,,MISSION ST,,,A,7/29/2024 9:53:19 AM,1/29/2025 2:31:59 PM,,,2,,,,,,,
2824533,210526842,2,False,3801,8/17/2021 9:28:00 PM,2128,3H16E,1227,3801,San Francisco,38,True,True,C,REAR END,,Tuesday,,,,,False,False,False,,B,PEDESTRIAN,,1,0,CLEAR,,NO UNUSUAL CONDITIONS - NO UNUSUAL CONDITIONS,,,C,DARK-STREET LIGHTS,,,,,,,E,IN ROAD - INCLUDES SHOULDER,,A,22350,,1,PEABODY ST,INGLE,,,A,N,50,SUNNYDALE AV,F,,D,7/29/2024 9:53:18 AM,1/29/2025 2:31:58 PM,,,2,,,,,,,
2824525,210558061,2,False,3801,8/30/2021 11:00:00 PM,2300,3I13E,1227,3801,San Francisco,38,True,True,G,VEHICLE/PEDESTRAIN,,Monday,,,F,,False,False,False,,B,PEDESTRIAN,,1,0,CLEAR,,NO UNUSUAL CONDITIONS - NO UNUSUAL CONDITIONS,,,C,DARK-STREET LIGHTS,,,,,,,B,CROSSING IN CROSS WALK AT INTERSECTION,,A,22350,,1,JUNIPERO SERRA BL,TARAV,,,A,,,19TH AV,,,A,7/29/2024 9:53:17 AM,1/29/2025 2:31:58 PM,,,2,,,,,,,
2824523,210558679,2,False,3801,8/31/2021 9:32:00 AM,0932,1,1227,3801,San Francisco,38,True,True,,,,Tuesday,,,,,False,False,False,,B,PEDESTRIAN,,1,0,CLEAR,,NO UNUSUAL CONDITIONS - NO UNUSUAL CONDITIONS,,,A,DAYLIGHT,,,,,,,E,IN ROAD - INCLUDES SHOULDER,,A,21802A,,1,ILLINOIS ST,BAYVI,,,,,,23RD ST,,,A,7/29/2024 9:53:17 AM,1/29/2025 2:31:58 PM,,,2,,,,,,,
2824406,210504490,2,False,3801,8/9/2021 9:29:00 PM,2129,A1,1227,3801,San Francisco,38,True,True,G,VEHICLE/PEDESTRAIN,,Monday,,,F,,False,False,False,,B,PEDESTRIAN,,1,0,CLEAR,,NO UNUSUAL CONDITIONS - NO UNUSUAL CONDITIONS,,,C,DARK-STREET LIGHTS,,,,,,,B,CROSSING IN CROSS WALK AT INTERSECTION,,A,21950A,,1,GEARY ST,CENTR,,,A,,,TAYLOR ST,,,A,7/29/2024 9:53:09 AM,1/29/2025 2:31:54 PM,,,3,,,,,,,
2823805,210558265,2,False,3801,8/31/2021 3:12:00 AM,0312,B3,1227,3801,San Francisco,38,True,True,G,VEHICLE/PEDESTRAIN,,Tuesday,,,,,False,False,False,,B,PEDESTRIAN,,1,0,CLEAR,,NO UNUSUAL CONDITIONS - NO UNUSUAL CONDITIONS,,,C,DARK-STREET LIGHTS,,,,,,,D,CROSSING - NOT IN CROSSWALK,,A,21954A,,1,06TH ST,SOUTH,,,A,,,HARRISON ST,,,A,7/29/2024 9:52:28 AM,1/29/2025 2:31:36 PM,,,2,,,,,,,
2823802,210558873,2,False,3801,8/31/2021 8:42:00 AM,0842,,1227,3801,San Francisco,38,True,True,G,VEHICLE/PEDESTRAIN,,Tuesday,,,F,,False,False,False,,B,PEDESTRIAN,,1,0,CLEAR,,NO UNUSUAL CONDITIONS - NO UNUSUAL CONDITIONS,,,A,DAYLIGHT,,,,,,,D,CROSSING - NOT IN CROSSWALK,,A,21954A,,1,SAN BRUNO AV,BAYVI,,,A,,,SAN BRUNO AV 2485,,,D,7/29/2024 9:52:27 AM,1/29/2025 2:31:35 PM,,,2,,,,,,,
2823725,210521682,2,False,3801,8/15/2021 8:35:00 PM,2035,3D16D,1227,3801,San Francisco,38,True,True,G,VEHICLE/PEDESTRAIN,,Sunday,,,F,,False,False,False,,B,PEDESTRIAN,,2,0,CLEAR,,NO UNUSUAL CONDITIONS - NO UNUSUAL CONDITIONS,,,C,DARK-STREET LIGHTS,,,,,,,B,CROSSING IN CROSS WALK AT INTERSECTION,,A,21950A,,1,S VAN NESS AV,MISSI,,,A,,,16TH ST,,,A,7/29/2024 9:52:22 AM,1/29/2025 2:31:33 PM,,,2,,,,,,,
2823724,210522549,2,False,3801,8/16/2021 12:29:00 PM,1229,NORTHE,1227,3801,San Francisco,38,True,True,G,VEHICLE/PEDESTRAIN,,Monday,,,,,False,False,False,,B,PEDESTRIAN,,1,0,CLEAR,,NO UNUSUAL CONDITIONS - NO UNUSUAL CONDITIONS,,,A,DAYLIGHT,,,,,,,B,CROSSING IN CROSS WALK AT INTERSECTION,,A,21950A,,1,DIVISADERO,NORTH,,,,,,GEARY,,,A,7/29/2024 9:52:22 AM,1/29/2025 2:31:33 PM,,,2,,,,,,,
2843277,210680868,2,False,3801,9/29/2021 7:30:00 PM,1930,I1,1227,3801,San Francisco,38,True,True,,,,Wednesday,,,,,False,False,False,,,,,1,0,,,,,,,,,,,,,,,,,A,21950A,,1,9TH AV,RICHM,,,,N,5,KIRKHAM ST,F,,,7/29/2024 10:19:51 AM,1/29/2025 2:42:28 PM,,,2,,,,,,,
2842981,210680385,2,False,3801,10/17/2021 3:30:00 PM,1530,,1227,3801,San Francisco,38,True,True,D,BROADSIDE,,Sunday,,,F,,False,False,False,,B,PEDESTRIAN,,1,0,CLEAR,,NO UNUSUAL CONDITIONS - NO UNUSUAL CONDITIONS,,,A,DAYLIGHT,,,,,,,B,CROSSING IN CROSS WALK AT INTERSECTION,,A,21950A,,1,CLEMENT ST,RICHM,,,A,,,7TH AV,,,A,7/29/2024 10:19:22 AM,1/29/2025 2:42:18 PM,,,2,,,,,,,
2842976,210675778,2,False,3801,10/15/2021 5:40:00 PM,1740,3I,1227,3801,San Francisco,38,True,True,D,BROADSIDE,,Friday,,,,,False,False,False,,B,PEDESTRIAN,,1,0,CLEAR,,NO UNUSUAL CONDITIONS - NO UNUSUAL CONDITIONS,,,B,DUSK-DAWN,,,,,,,D,CROSSING - NOT IN CROSSWALK,,D,21954A,,1,TARAVAL ST,TARAV,,,A,W,48,26TH AV,F,,,7/29/2024 10:19:22 AM,1/29/2025 2:42:18 PM,,,2,,,,,,,
2842290,210657522,2,False,3801,10/8/2021 8:09:00 PM,2009,3CAR,1227,3801,San Francisco,38,True,True,G,VEHICLE/PEDESTRAIN,,Friday,,,,,False,False,False,,B,PEDESTRIAN,,1,0,CLEAR,,NO UNUSUAL CONDITIONS - NO UNUSUAL CONDITIONS,,,C,DARK-STREET LIGHTS,,,,,,,D,CROSSING - NOT IN CROSSWALK,,A,21456B,,1,DOLORES ST,MISSI,,,A,,,20TH ST,,,A,7/29/2024 10:18:15 AM,1/29/2025 2:41:53 PM,,,2,,,,,,,
2842286,210706113,2,False,3801,10/28/2021 8:00:00 AM,0800,,1227,3801,San Francisco,38,True,True,G,VEHICLE/PEDESTRAIN,,Thursday,,,,,False,False,False,,B,PEDESTRIAN,,1,0,CLEAR,,NO UNUSUAL CONDITIONS - NO UNUSUAL CONDITIONS,,,A,DAYLIGHT,,,,,,,B,CROSSING IN CROSS WALK AT INTERSECTION,,A,21950A,,1,NAPLES ST,INGLE,,,A,,,AMAZON AV,,,A,7/29/2024 10:18:14 AM,1/29/2025 2:41:53 PM,,,2,,,,,,,
2842267,210637819,2,False,3801,10/1/2021 9:09:00 AM,0909,,1227,3801,San Francisco,38,True,True,G,VEHICLE/PEDESTRAIN,,Friday,,,,,False,False,False,,B,PEDESTRIAN,,1,0,CLEAR,,NO UNUSUAL CONDITIONS - NO UNUSUAL CONDITIONS,,,A,DAYLIGHT,,,,,,,D,CROSSING - NOT IN CROSSWALK,,A,21954A,,1,MAYFAIR DR,RICHM,,,A,,,SPRUCE ST,,,D,7/29/2024 10:18:12 AM,1/29/2025 2:41:52 PM,,,2,,,,,,,
2842264,210638516,2,False,3801,10/1/2021 12:50:00 PM,1250,3A44C,1227,3801,San Francisco,38,True,True,D,BROADSIDE,,Friday,,,F,,False,False,False,,B,PEDESTRIAN,,1,0,CLEAR,,NO UNUSUAL CONDITIONS - NO UNUSUAL CONDITIONS,,,A,DAYLIGHT,,,,,,,B,CROSSING IN CROSS WALK AT INTERSECTION,,A,21453D,,2,GRANT AV,CENTR,,,A,,,PACIFIC AV,,,A,7/29/2024 10:18:12 AM,1/29/2025 2:41:52 PM,,,2,,,,,,,
2842260,210643979,2,False,3801,10/3/2021 8:08:00 PM,2008,3D,1227,3801,San Francisco,38,True,True,G,VEHICLE/PEDESTRAIN,,Sunday,,,M,,False,False,False,,B,PEDESTRIAN,,1,0,CLEAR,,NO UNUSUAL CONDITIONS - NO UNUSUAL CONDITIONS,,,C,DARK-STREET LIGHTS,,,,,,,D,CROSSING - NOT IN CROSSWALK,,A,22350,,1,CAPP ST,MISSI,,,A,S,60,22ND ST,F,,D,7/29/2024 10:18:11 AM,1/29/2025 2:41:52 PM,,,2,,,,,,,
2842259,210644422,2,False,3801,10/4/2021 2:03:00 AM,0203,3J12E,1227,3801,San Francisco,38,True,True,G,VEHICLE/PEDESTRAIN,,Monday,,,F,,False,False,False,,B,PEDESTRIAN,,1,0,CLEAR,,NO UNUSUAL CONDITIONS - NO UNUSUAL CONDITIONS,,,C,DARK-STREET LIGHTS,,,,,,,B,CROSSING IN CROSS WALK AT INTERSECTION,,A,21950A,,1,TAYLOR ST,TENDE,,,A,,,EDDY ST,,,A,7/29/2024 10:18:11 AM,1/29/2025 2:41:52 PM,,,2,,,,,,,
2842258,210644698,2,False,3801,10/1/2021 8:42:00 AM,0842,4B2C,1227,3801,San Francisco,38,True,True,G,VEHICLE/PEDESTRAIN,,Friday,,,,,False,False,True,,B,PEDESTRIAN,,1,0,CLEAR,,NO UNUSUAL CONDITIONS - NO UNUSUAL CONDITIONS,,,A,DAYLIGHT,,,,,,,B,CROSSING IN CROSS WALK AT INTERSECTION,,A,21950A,,1,SAN JOSE AV,TRAFF,,,A,N,3,PAULDING ST,F,,A,7/29/2024 10:18:11 AM,1/29/2025 2:41:52 PM,,,2,,,,,,,
2842250,210642523,2,False,3801,10/3/2021 7:44:00 AM,0744,4B2G,1227,3801,San Francisco,38,True,True,G,VEHICLE/PEDESTRAIN,,Sunday,,,F,,False,False,False,,B,PEDESTRIAN,,1,0,CLEAR,,NO UNUSUAL CONDITIONS - NO UNUSUAL CONDITIONS,,,A,DAYLIGHT,,,,,,,E,IN ROAD - INCLUDES SHOULDER,,A,22106,,1,BRADFORD ST,TRAFF,,,A,N,26,TOMPKINS AV,F,,D,7/29/2024 10:18:10 AM,1/29/2025 2:41:52 PM,,,2,,,,,,,
2842249,210639564,2,False,3801,10/1/2021 8:14:00 PM,2014,3C13D,1227,3801,San Francisco,38,True,True,C,REAR END,,Friday,,,F,,False,False,False,,C,OTHER MOTOR VEHICLE,,1,0,CLEAR,,,,,C,DARK-STREET LIGHTS,,,,,,,,,,A,22350,,1,DARTMOUTH ST,BAYVI,,,,N,5,SILVER AV,F,,D,7/29/2024 10:18:10 AM,1/29/2025 2:41:52 PM,,,2,,,,,,,
2842244,210660951,2,False,3801,10/10/2021 1:16:00 PM,1316,3J13A,1227,3801,San Francisco,38,True,True,B,SIDE SWIPE,,Sunday,,,,,False,False,False,,B,PEDESTRIAN,,1,0,CLEAR,,NO UNUSUAL CONDITIONS - NO UNUSUAL CONDITIONS,,,A,DAYLIGHT,,,,,,,B,CROSSING IN CROSS WALK AT INTERSECTION,,A,21950A,,1,EDDY ST,TENDE,,,A,S,16,LARKIN ST,F,,A,7/29/2024 10:18:09 AM,1/29/2025 2:41:52 PM,,,2,,,,,,,
2842239,210649187,2,False,3801,10/5/2021 8:25:00 PM,2025,3D45C,1227,3801,San Francisco,38,True,True,G,VEHICLE/PEDESTRAIN,,Tuesday,,,,,False,False,False,,B,PEDESTRIAN,,1,0,CLEAR,,NO UNUSUAL CONDITIONS - NO UNUSUAL CONDITIONS,,,E,DARK-STREET LIGHTS NOT FUNCTIONING*,,,,,,,D,CROSSING - NOT IN CROSSWALK,,A,21955,,1,16TH ST,MISSI,,,A,W,314,POTRERO AV,F,,D,7/29/2024 10:18:08 AM,1/29/2025 2:41:51 PM,,,2,,,,,,,
2842232,210689268,2,False,3801,10/20/2021 10:54:00 PM,2254,3D15E,1227,3801,San Francisco,38,True,True,G,VEHICLE/PEDESTRAIN,,Wednesday,,,,,False,False,False,,B,PEDESTRIAN,,1,0,RAINING,,NO UNUSUAL CONDITIONS - NO UNUSUAL CONDITIONS,,,C,DARK-STREET LIGHTS,,,,,,,D,CROSSING - NOT IN CROSSWALK,,A,22106,,1,14TH ST,MISSI,,,B,E,100,WOODWARD ST,F,,D,7/29/2024 10:18:08 AM,1/29/2025 2:41:51 PM,,,3,,,,,,,
2842231,210-689-741,2,False,3801,10/21/2021 8:51:00 AM,0851,3E12A,1227,3801,San Francisco,38,True,True,D,BROADSIDE,,Thursday,,,,,False,False,False,,B,PEDESTRIAN,,1,0,CLOUDY,,NO UNUSUAL CONDITIONS - NO UNUSUAL CONDITIONS,,,A,DAYLIGHT,,,,,,,B,CROSSING IN CROSS WALK AT INTERSECTION,,A,22107,,1,LARKIN ST,NORTH,,,B,,,BROADWAY ST,,,A,7/29/2024 10:18:08 AM,1/29/2025 2:41:51 PM,,,3,,,,,,,
2842230,210690657,2,False,3801,10/18/2021 8:40:00 PM,2040,3E15D,1227,3801,San Francisco,38,True,True,A,HEAD-ON,,Monday,,,F,,False,False,False,,B,PEDESTRIAN,,1,0,CLEAR,,NO UNUSUAL CONDITIONS - NO UNUSUAL CONDITIONS,,,C,DARK-STREET LIGHTS,,,,,,,B,CROSSING IN CROSS WALK AT INTERSECTION,,A,21235G,,1,VAN NESS AV,NORTH,,,A,,,EDDY ST,,,A,7/29/2024 10:18:07 AM,1/29/2025 2:41:51 PM,,,3,,,,,,,
2842228,210690754,2,False,3801,10/21/2021 3:47:00 PM,1547,3I13D,1227,3801,San Francisco,38,True,True,G,VEHICLE/PEDESTRAIN,,Thursday,,,,,False,False,False,,B,PEDESTRIAN,,1,0,CLOUDY,,NO UNUSUAL CONDITIONS - NO UNUSUAL CONDITIONS,,,A,DAYLIGHT,,,,,,,B,CROSSING IN CROSS WALK AT INTERSECTION,,A,21950A,,1,NORIEGA ST,TARAV,,,B,,,33RD AV,,,A,7/29/2024 10:18:07 AM,1/29/2025 2:41:51 PM,,,3,,,,,,,
2842219,210637665,2,False,3801,10/1/2021 7:50:00 AM,0750,1CAR,1227,3801,San Francisco,38,True,True,G,VEHICLE/PEDESTRAIN,,Friday,,,,,False,False,False,,B,PEDESTRIAN,,1,0,CLEAR,,NO UNUSUAL CONDITIONS - NO UNUSUAL CONDITIONS,,,A,DAYLIGHT,,,,,,,B,CROSSING IN CROSS WALK AT INTERSECTION,,A,21950A,,1,MISSION ST,INGLE,,,A,N,6,30TH ST,F,,A,7/29/2024 10:18:06 AM,1/29/2025 2:41:51 PM,,,3,,,,,,,
2842217,210-639-097,2,False,3801,10/2/2021 1:40:00 PM,1340,CENTRA,1227,3801,San Francisco,38,True,True,G,VEHICLE/PEDESTRAIN,,Saturday,,,F,,False,False,False,,B,PEDESTRIAN,,1,0,CLEAR,,NO UNUSUAL CONDITIONS - NO UNUSUAL CONDITIONS,,,A,DAYLIGHT,,,,,,,B,CROSSING IN CROSS WALK AT INTERSECTION,,A,21453A,,1,2ND ST,MISSI,,,A,,,MARKET ST,,,A,7/29/2024 10:18:06 AM,1/29/2025 2:41:50 PM,,,3,,,,,,,
2842137,210686446,2,False,3801,10/19/2021 8:34:00 PM,2034,H3,1227,3801,San Francisco,38,True,True,G,VEHICLE/PEDESTRAIN,,Tuesday,,,,,False,False,False,,B,PEDESTRIAN,,1,0,CLOUDY,RAINING,NO UNUSUAL CONDITIONS - NO UNUSUAL CONDITIONS,,,C,DARK-STREET LIGHTS,,,,,,,B,CROSSING IN CROSS WALK AT INTERSECTION,,A,21950A,,1,MISSION ST,INGLE,,,B,,,NEY ST,,,D,7/29/2024 10:17:57 AM,1/29/2025 2:41:48 PM,,,2,,,,,,,
2841987,210666266,2,False,3801,10/11/2021 7:15:00 PM,1915,3D11C,1227,3801,San Francisco,38,True,True,A,HEAD-ON,,Monday,,,F,,False,False,False,,B,PEDESTRIAN,,1,0,CLEAR,,NO UNUSUAL CONDITIONS - NO UNUSUAL CONDITIONS,,,C,DARK-STREET LIGHTS,,,,,,,B,CROSSING IN CROSS WALK AT INTERSECTION,,A,21950A,,1,LEAVENWORTH ST,MISSI,,,A,,,EDDY ST,,,A,7/29/2024 10:17:43 AM,1/29/2025 2:41:43 PM,,,3,,,,,,,
2841986,210667258,2,False,3801,10/12/2021 5:17:00 PM,1717,3D45C,1227,3801,San Francisco,38,True,True,G,VEHICLE/PEDESTRAIN,,Tuesday,,,,,False,False,False,,B,PEDESTRIAN,,1,0,CLEAR,WIND,NO UNUSUAL CONDITIONS - NO UNUSUAL CONDITIONS,,,A,DAYLIGHT,,,,,,,B,CROSSING IN CROSS WALK AT INTERSECTION,,A,21452B,,1,FOLSOM ST,MISSI,,,A,S,5,17TH ST,F,,A,7/29/2024 10:17:43 AM,1/29/2025 2:41:42 PM,,,3,,,,,,,
2841984,210667101,2,False,3801,10/12/2021 5:01:00 PM,1701,3A12D,1227,3801,San Francisco,38,True,True,G,VEHICLE/PEDESTRAIN,,Tuesday,,,F,,False,False,False,,B,PEDESTRIAN,,1,0,CLEAR,,NO UNUSUAL CONDITIONS - NO UNUSUAL CONDITIONS,,,A,DAYLIGHT,,,,,,,B,CROSSING IN CROSS WALK AT INTERSECTION,,A,21950A,,1,GEARY ST,CENTR,,,A,W,6,TAYLOR ST,F,,A,7/29/2024 10:17:43 AM,1/29/2025 2:41:42 PM,,,3,,,,,,,
2841981,210697891,2,False,3801,10/24/2021 10:00:00 PM,2200,3I1E,1227,3801,San Francisco,38,True,True,G,VEHICLE/PEDESTRAIN,,Sunday,,,,,False,False,False,,B,PEDESTRIAN,,1,0,RAINING,,NO UNUSUAL CONDITIONS - NO UNUSUAL CONDITIONS,,,C,DARK-STREET LIGHTS,,,,,,,B,CROSSING IN CROSS WALK AT INTERSECTION,,D,,,,24TH AV,TARAV,,,B,,,NORIEGA ST,,,A,7/29/2024 10:17:43 AM,1/29/2025 2:41:42 PM,,,3,,,,,,,
2841978,2106982533,2,False,3801,10/25/2021 8:23:00 AM,0823,,1227,3801,San Francisco,38,True,True,G,VEHICLE/PEDESTRAIN,,Monday,,,,,False,False,False,,B,PEDESTRIAN,,1,0,CLEAR,,NO UNUSUAL CONDITIONS - NO UNUSUAL CONDITIONS,,,A,DAYLIGHT,,,,,,,E,IN ROAD - INCLUDES SHOULDER,,A,21954A,,1,OFARRELL ST,TENDE,,,A,E,120,JONES ST,F,,D,7/29/2024 10:17:42 AM,1/29/2025 2:41:42 PM,,,3,,,,,,,
2841977,210659114,2,False,3801,10/9/2021 3:13:00 PM,1513,3E16D,1227,3801,San Francisco,38,True,True,G,VEHICLE/PEDESTRAIN,,Saturday,,,,,False,False,False,,B,PEDESTRIAN,,1,0,CLEAR,,,,,A,DAYLIGHT,,,,,,,,,,A,21950A,,1,DIVISADERO ST,NORTH,,,A,,,GEARY BL,,,A,7/29/2024 10:17:42 AM,1/29/2025 2:41:42 PM,,,3,,,,,,,
2841975,210697976,2,False,3801,10/24/2021 11:57:00 PM,2357,3D11E,1227,3801,San Francisco,38,True,True,G,VEHICLE/PEDESTRAIN,,Sunday,,,,,False,False,False,,B,PEDESTRIAN,,1,0,RAINING,,NO UNUSUAL CONDITIONS - NO UNUSUAL CONDITIONS,,,C,DARK-STREET LIGHTS,,,,,,,B,CROSSING IN CROSS WALK AT INTERSECTION,,A,21950A,,1,VALENCIA ST,MISSI,,,B,,,DUBOCE AV,,,A,7/29/2024 10:17:42 AM,1/29/2025 2:41:42 PM,,,3,,,,,,,
2841969,210696188,2,False,3801,10/23/2021 10:27:00 PM,2227,3A11E,1227,3801,San Francisco,38,True,True,G,VEHICLE/PEDESTRAIN,,Saturday,,,,,False,False,False,,B,PEDESTRIAN,,1,0,CLOUDY,RAINING,,,,C,DARK-STREET LIGHTS,,,,,,,D,CROSSING - NOT IN CROSSWALK,,A,21954A,,1,TAYLOR ST,CENTR,,,B,N,15,SUTTER ST,F,,A,7/29/2024 10:17:41 AM,1/29/2025 2:41:42 PM,,,3,,,,,,,