Collision Id,Report Number,Report Version,Is Preliminary,NCIC Code,Crash Date Time,Crash Time Description,Beat,City Id,City Code,City Name,County Code,City Is Active,City Is Incorporated,Collision Type Code,Collision Type Description,Collision Type Other Desc,Day Of Week,DispatchNotified,HasPhotographs,HitRun,IsAttachmentsMailed,IsDeleted,IsHighwayRelated,IsTowAway,JudicialDistrict,MotorVehicleInvolvedWithCode,MotorVehicleInvolvedWithDesc,MotorVehicleInvolvedWithOtherDesc,NumberInjured,NumberKilled,Weather 1,Weather 2,Road Condition 1,Road Condition 2,Special Condition,LightingCode,LightingDescription,Latitude,Longitude,MilepostDirection,MilepostDistance,MilepostMarker,MilepostUnitOfMeasure,PedestrianActionCode,PedestrianActionDesc,PreparedDate,Primary Collision Factor Code,Primary Collision Factor Violation,PrimaryCollisionFactorIsCited,PrimaryCollisionPartyNumber,PrimaryRoad,ReportingDistrict,ReportingDistrictCode,ReviewedDate,RoadwaySurfaceCode,SecondaryDirection,SecondaryDistance,SecondaryRoad,SecondaryUnitOfMeasure,SketchDesc,TrafficControlDeviceCode,CreatedDate,ModifiedDate,IsCountyRoad,IsFreeway,CHP555Version,IsAdditonalObjectStruck,NotificationDate,NotificationTimeDescription,HasDigitalMediaFiles,EvidenceNumber,IsLocationReferToNarrative,IsAOIOneSameAsLocation
2853858,210767024,2,False,3801,11/20/2021 6:45:00 PM,1845,3A15D,1227,3801,San Francisco,38,True,True,G,VEHICLE/PEDESTRAIN,,Saturday,,,,,False,False,False,,B,PEDESTRIAN,,1,0,CLEAR,,NO UNUSUAL CONDITIONS - NO UNUSUAL CONDITIONS,,,C,DARK-STREET LIGHTS,,,,,,,D,CROSSING - NOT IN CROSSWALK,,A,21657,,1,OFARRELL ST,CENTR,,,A,W,50,STOCKTON ST,F,,A,7/29/2024 10:39:20 AM,1/29/2025 2:48:59 PM,,,2,,,,,,,
2868279,210806989,2,False,3801,12/6/2021 10:39:00 PM,2239,3B13E,1227,3801,San Francisco,38,True,True,G,VEHICLE/PEDESTRAIN,,Monday,,,F,,False,False,False,,B,PEDESTRIAN,,1,0,RAINING,,NO UNUSUAL CONDITIONS - NO UNUSUAL CONDITIONS,,,C,DARK-STREET LIGHTS,,,,,,,D,CROSSING - NOT IN CROSSWALK,,D,,,,HOWARD ST,SOUTH,,,B,,,6TH ST,,,D,7/29/2024 11:10:37 AM,1/29/2025 2:58:28 PM,,,2,,,,,,,
2867594,210794265,2,False,3801,12/1/2021 8:45:00 PM,2045,C5,1227,3801,San Francisco,38,True,True,G,VEHICLE/PEDESTRAIN,,Wednesday,,,,,False,False,False,,B,PEDESTRIAN,,1,0,CLEAR,,NO UNUSUAL CONDITIONS - NO UNUSUAL CONDITIONS,,,C,DARK-STREET LIGHTS,,,,,,,B,CROSSING IN CROSS WALK AT INTERSECTION,,A,21950A,,1,JAMESTOWN AV,BAYVI,,,A,,,3RD ST,,,A,7/29/2024 11:09:04 AM,1/29/2025 2:58:00 PM,,,3,,,,,,,
2867582,210842911,2,False,3801,12/21/2021 1:11:00 PM,1311,3J93C,1227,3801,San Francisco,38,True,True,G,VEHICLE/PEDESTRAIN,,Tuesday,,,,,False,False,False,,B,PEDESTRIAN,,1,0,CLOUDY,,NO UNUSUAL CONDITIONS - NO UNUSUAL CONDITIONS,,,A,DAYLIGHT,,,,,,,D,CROSSING - NOT IN CROSSWALK,,A,21955,,1,MARKET ST,TENDE,,,A,E,73,5TH ST,F,,A,7/29/2024 11:09:02 AM,1/29/2025 2:57:59 PM,,,2,,,,,,,
2867578,210855221,2,False,3801,12/27/2021 12:20:00 PM,1220,3J12A,1227,3801,San Francisco,38,True,True,A,HEAD-ON,,Monday,,,F,,False,False,False,,B,PEDESTRIAN,,2,0,RAINING,,NO UNUSUAL CONDITIONS - NO UNUSUAL CONDITIONS,,,A,DAYLIGHT,,,,,,,F,NOT IN ROAD,,A,21235G,,1,MARKET ST,TENDE,,,B,,,MARKET ST 801,,,A,7/29/2024 11:09:01 AM,1/29/2025 2:57:59 PM,,,2,,,,,,,
2867574,210860606,2,False,3801,12/29/2021 2:01:00 PM,1401,3C13A,1227,3801,San Francisco,38,True,True,D,BROADSIDE,,Wednesday,,,F,,False,False,False,,B,PEDESTRIAN,,1,0,RAINING,,NO UNUSUAL CONDITIONS - NO UNUSUAL CONDITIONS,,,A,DAYLIGHT,,,,,,,B,CROSSING IN CROSS WALK AT INTERSECTION,,A,21950,,1,MENDELL ST,BAYVI,,,B,,,HUDSON AV,,,,7/29/2024 11:09:00 AM,1/29/2025 2:57:59 PM,,,2,,,,,,,
2867572,210855920,2,False,3801,12/27/2021 5:30:00 PM,1730,3E13D,1227,3801,San Francisco,38,True,True,G,VEHICLE/PEDESTRAIN,,Monday,,,,,False,False,False,,B,PEDESTRIAN,,1,0,CLEAR,,NO UNUSUAL CONDITIONS - NO UNUSUAL CONDITIONS,,,C,DARK-STREET LIGHTS,,,,,,,B,CROSSING IN CROSS WALK AT INTERSECTION,,A,21950A,,1,POLK ST,NORTH,,,A,S,6,PINE ST,F,,A,7/29/2024 11:09:00 AM,1/29/2025 2:57:59 PM,,,2,,,,,,,
2867567,210829674,2,False,3801,12/14/2021 6:20:00 AM,0620,3A11D,1227,3801,San Francisco,38,True,True,H,OTHER,,Tuesday,,,F,,False,False,False,,B,PEDESTRIAN,,1,0,CLEAR,,NO UNUSUAL CONDITIONS - NO UNUSUAL CONDITIONS,,,A,DAYLIGHT,,,,,,,B,CROSSING IN CROSS WALK AT INTERSECTION,,A,21950A,,1,SUTTER ST,CENTR,,,A,,,LEAVENWORTH ST,,,A,7/29/2024 11:08:59 AM,1/29/2025 2:57:59 PM,,,2,,,,,,,
2867565,210829765,2,False,3801,12/15/2021 10:24:00 PM,2224,3F14E,1227,3801,San Francisco,38,True,True,G,VEHICLE/PEDESTRAIN,,Wednesday,,,,,False,False,False,,B,PEDESTRIAN,,1,0,RAINING,,,,,C,DARK-STREET LIGHTS,,,,,,,E,IN ROAD - INCLUDES SHOULDER,,A,22350,,1,HAIGHT ST,PARK,,,B,E,130,WEBSTER ST,F,,D,7/29/2024 11:08:59 AM,1/29/2025 2:57:59 PM,,,2,,,,,,,
2867563,210829793,2,False,3801,12/15/2021 10:27:00 PM,2227,3 CAR,1227,3801,San Francisco,38,True,True,G,VEHICLE/PEDESTRAIN,,Wednesday,,,F,,False,False,False,,B,PEDESTRIAN,,1,0,RAINING,,NO UNUSUAL CONDITIONS - NO UNUSUAL CONDITIONS,,,C,DARK-STREET LIGHTS,,,,,,,B,CROSSING IN CROSS WALK AT INTERSECTION,,A,21451A,,1,POLK ST,NORTH,,,B,,,GOLDEN GATE AV,,,A,7/29/2024 11:08:58 AM,1/29/2025 2:57:59 PM,,,2,,,,,,,
2867559,210828513,2,False,3801,12/10/2021 5:10:00 PM,1710,3E11A,1227,3801,San Francisco,38,True,True,B,SIDE SWIPE,,Friday,,,M,,False,False,False,,B,PEDESTRIAN,,1,0,CLEAR,,NO UNUSUAL CONDITIONS - NO UNUSUAL CONDITIONS,,,C,DARK-STREET LIGHTS,,,,,,,B,CROSSING IN CROSS WALK AT INTERSECTION,,A,21950A,,1,4TH ST,NORTH,,,A,,,TOWNSEND ST,,,A,7/29/2024 11:08:58 AM,1/29/2025 2:57:59 PM,,,2,,,,,,,
2867556,210835289,2,False,3801,12/17/2021 11:58:00 PM,2358,3A11E,1227,3801,San Francisco,38,True,True,G,VEHICLE/PEDESTRAIN,,Friday,,,F,,False,False,False,,B,PEDESTRIAN,,1,0,CLEAR,,NO UNUSUAL CONDITIONS - NO UNUSUAL CONDITIONS,,,C,DARK-STREET LIGHTS,,,,,,,B,CROSSING IN CROSS WALK AT INTERSECTION,,A,21950A,,1,PINE ST,CENTR,,,A,,,TAYLOR ST,,,A,7/29/2024 11:08:57 AM,1/29/2025 2:57:58 PM,,,2,,,,,,,
2867550,210853651,2,False,3801,12/26/2021 4:44:00 PM,1644,3E11A,1227,3801,San Francisco,38,True,True,G,VEHICLE/PEDESTRAIN,,Sunday,,,,,False,False,False,,B,PEDESTRIAN,,1,0,RAINING,,NO UNUSUAL CONDITIONS - NO UNUSUAL CONDITIONS,,,C,DARK-STREET LIGHTS,,,,,,,B,CROSSING IN CROSS WALK AT INTERSECTION,,A,21950A,,1,OAK ST,NORTH,,,B,E,2,DIVISADERO ST,F,,A,7/29/2024 11:08:56 AM,1/29/2025 2:57:58 PM,,,2,,,,,,,
2867512,210800351,2,False,3801,12/4/2021 11:01:00 AM,1101,3E13A,1227,3801,San Francisco,38,True,True,C,REAR END,,Saturday,,,,,False,False,True,,C,OTHER MOTOR VEHICLE,,2,0,CLEAR,,NO UNUSUAL CONDITIONS - NO UNUSUAL CONDITIONS,,,A,DAYLIGHT,,,,,,,,,,A,22350,,1,GOUGH ST,NORTH,,,A,N,7,POST ST,F,,A,7/29/2024 11:08:51 AM,1/29/2025 2:57:56 PM,,,2,,,,,,,
2866792,210817033,2,False,3801,12/10/2021 2:42:00 PM,1442,3,1227,3801,San Francisco,38,True,True,,,,Friday,,,,,False,False,False,,B,PEDESTRIAN,,1,0,CLEAR,,NO UNUSUAL CONDITIONS - NO UNUSUAL CONDITIONS,,,A,DAYLIGHT,,,,,,,,,,A,21950A,,1,PARK PRESIDIO AV,RICHM,,,A,,,GEARY BL,,,A,7/29/2024 11:07:12 AM,1/29/2025 2:57:27 PM,,,2,,,,,,,
2866790,210832683,2,False,3801,12/16/2021 9:08:00 PM,2108,3C5E,1227,3801,San Francisco,38,True,True,G,VEHICLE/PEDESTRAIN,,Thursday,,,F,,False,False,False,,B,PEDESTRIAN,,1,0,CLEAR,,NO UNUSUAL CONDITIONS - NO UNUSUAL CONDITIONS,,,C,DARK-STREET LIGHTS,,,,,,,B,CROSSING IN CROSS WALK AT INTERSECTION,,A,21950A,,1,INA CT,BAYVI,,,A,,,REVERE AV,,,A,7/29/2024 11:07:12 AM,1/29/2025 2:57:27 PM,,,2,,,,,,,
2866784,210833368,2,False,3801,12/17/2021 8:10:00 AM,0810,901,1227,3801,San Francisco,38,True,True,D,BROADSIDE,,Friday,,,,,False,False,False,,B,PEDESTRIAN,,1,0,CLEAR,,NO UNUSUAL CONDITIONS - NO UNUSUAL CONDITIONS,,,A,DAYLIGHT,,,,,,,D,CROSSING - NOT IN CROSSWALK,,A,21954A,,1,GIRARD,BAYVI,,,A,S,197,BACON ST,F,,D,7/29/2024 11:07:11 AM,1/29/2025 2:57:27 PM,,,2,,,,,,,
2866774,210806268,2,False,3801,12/6/2021 5:28:00 PM,1728,3D14D,1227,3801,San Francisco,38,True,True,G,VEHICLE/PEDESTRAIN,,Monday,,,F,,False,False,False,,B,PEDESTRIAN,,1,0,CLEAR,,NO UNUSUAL CONDITIONS - NO UNUSUAL CONDITIONS,,,C,DARK-STREET LIGHTS,,,,,,,F,NOT IN ROAD,,A,21663,,1,20TH ST,MISSI,,,A,E,100,CAPP ST,F,,A,7/29/2024 11:07:10 AM,1/29/2025 2:57:26 PM,,,2,,,,,,,
2866764,210804115,2,False,3801,12/5/2021 10:30:00 PM,2230,D1,1227,3801,San Francisco,38,True,True,D,BROADSIDE,,Sunday,,,F,,False,False,False,,C,OTHER MOTOR VEHICLE,,2,0,CLEAR,,NO UNUSUAL CONDITIONS - NO UNUSUAL CONDITIONS,,,C,DARK-STREET LIGHTS,,,,,,,E,IN ROAD - INCLUDES SHOULDER,,A,22107,,1,VALENCIA ST,MISSI,,,A,S,116,16TH ST,F,,D,7/29/2024 11:07:08 AM,1/29/2025 2:57:25 PM,,,2,,,,,,,
2866759,210796982,2,False,3801,12/2/2021 8:00:00 PM,2000,H4,1227,3801,San Francisco,38,True,True,G,VEHICLE/PEDESTRAIN,,Thursday,,,,,False,False,False,,B,PEDESTRIAN,,1,0,CLEAR,,NO UNUSUAL CONDITIONS - NO UNUSUAL CONDITIONS,,,C,DARK-STREET LIGHTS,,,,,,,B,CROSSING IN CROSS WALK AT INTERSECTION,,A,21950A,,1,LYELL ST,INGLE,,,A,,,BOSWORTH ST,,,D,7/29/2024 11:07:07 AM,1/29/2025 2:57:25 PM,,,2,,,,,,,
2866758,210796669,2,False,3801,12/2/2021 7:34:00 PM,1934,INGLES,1227,3801,San Francisco,38,True,True,D,BROADSIDE,,Thursday,,,,,False,False,False,,B,PEDESTRIAN,,1,0,CLEAR,,NO UNUSUAL CONDITIONS - NO UNUSUAL CONDITIONS,,,C,DARK-STREET LIGHTS,,,,,,,D,CROSSING - NOT IN CROSSWALK,,A,21950B,,1,RUSSIA AV,INGLE,,,A,,,MOSCOW ST,,,A,7/29/2024 11:07:07 AM,1/29/2025 2:57:25 PM,,,2,,,,,,,
2866692,210844183,2,False,3801,12/21/2021 10:47:00 PM,2247,3J13E,1227,3801,San Francisco,38,True,True,G,VEHICLE/PEDESTRAIN,,Tuesday,,,F,,False,False,False,,B,PEDESTRIAN,,1,0,RAINING,,NO UNUSUAL CONDITIONS - NO UNUSUAL CONDITIONS,,,C,DARK-STREET LIGHTS,,,,,,,B,CROSSING IN CROSS WALK AT INTERSECTION,,A,21950A,,1,TURK ST,TENDE,,,B,,,LEAVENWORTH ST,,,A,7/29/2024 11:06:57 AM,1/29/2025 2:57:23 PM,,,2,,,,,,,
2866690,210844525,2,False,3801,12/22/2021 5:48:00 AM,0548,6 CAR,1227,3801,San Francisco,38,True,True,G,VEHICLE/PEDESTRAIN,,Wednesday,,,F,,False,False,False,,B,PEDESTRIAN,,1,0,RAINING,,NO UNUSUAL CONDITIONS - NO UNUSUAL CONDITIONS,,,C,DARK-STREET LIGHTS,,,,,,,D,CROSSING - NOT IN CROSSWALK,,A,22350,,1,OCEAN AV,TARAV,,,B,E,80,PLYMOUTH AV,F,,D,7/29/2024 11:06:56 AM,1/29/2025 2:57:23 PM,,,2,,,,,,,
2865976,210757649,2,False,3801,11/17/2021 9:25:00 AM,0925,5CAR,1227,3801,San Francisco,38,True,True,G,VEHICLE/PEDESTRAIN,,Wednesday,,,,,False,False,False,,B,PEDESTRIAN,,1,0,CLEAR,,NO UNUSUAL CONDITIONS - NO UNUSUAL CONDITIONS,,,A,DAYLIGHT,,,,,,,B,CROSSING IN CROSS WALK AT INTERSECTION,,A,21950A,,1,MISSION ST,INGLE,,,A,S,10,SENECA ST,F,,A,7/29/2024 11:05:20 AM,1/29/2025 2:56:54 PM,,,2,,,,,,,
2865530,210819590,2,False,3801,12/11/2021 4:48:00 PM,1648,,1227,3801,San Francisco,38,True,True,E,HIT OBJECT,,Saturday,,,,,False,False,True,,B,PEDESTRIAN,,1,0,CLEAR,,NO UNUSUAL CONDITIONS - NO UNUSUAL CONDITIONS,,,A,DAYLIGHT,,,,,,,F,NOT IN ROAD,,A,22106,,1,25TH ST,BAYVI,,,A,,,PENNSYLVANIA AV,,,A,7/29/2024 11:04:19 AM,1/29/2025 2:56:37 PM,,,2,,,,,,,
2865029,210840426,2,False,3801,12/20/2021 1:30:00 PM,1330,,1227,3801,San Francisco,38,True,True,G,VEHICLE/PEDESTRAIN,,Monday,,,,,False,False,False,,B,PEDESTRIAN,,1,0,CLEAR,,NO UNUSUAL CONDITIONS - NO UNUSUAL CONDITIONS,,,A,DAYLIGHT,,,,,,,F,NOT IN ROAD,,A,21235G,,1,JACKSON ST,CENTR,,,A,E,75,ROSS ALY,F,,A,7/29/2024 11:03:13 AM,1/29/2025 2:56:16 PM,,,2,,,,,,,
2865027,210840608,2,False,3801,12/20/2021 2:47:00 PM,1447,3H11C,1227,3801,San Francisco,38,True,True,G,VEHICLE/PEDESTRAIN,,Monday,,,,,False,False,True,,B,PEDESTRIAN,,1,0,CLEAR,,NO UNUSUAL CONDITIONS - NO UNUSUAL CONDITIONS,,,A,DAYLIGHT,,,,,,,E,IN ROAD - INCLUDES SHOULDER,,A,22106,,1,MISSION ST,INGLE,,,A,,,MISSION ST 3350,,,D,7/29/2024 11:03:13 AM,1/29/2025 2:56:16 PM,,,2,,,,,,,
2865025,210834673,2,False,3801,12/17/2021 6:09:00 PM,1809,16,1227,3801,San Francisco,38,True,True,,,,Friday,,,,,False,False,False,,B,PEDESTRIAN,,1,0,CLEAR,,NO UNUSUAL CONDITIONS - NO UNUSUAL CONDITIONS,,,D,DARK-NO STREET LIGHTS,,,,,,,B,CROSSING IN CROSS WALK AT INTERSECTION,,A,21950A,,1,BROTHERGHOOD WY,TARAV,,,,,,ALEMANY BL,,,D,7/29/2024 11:03:13 AM,1/29/2025 2:56:16 PM,,,2,,,,,,,
2865010,210820810,2,False,3801,12/12/2021 9:18:00 AM,0918,3H15A,1227,3801,San Francisco,38,True,True,G,VEHICLE/PEDESTRAIN,,Sunday,,,,,False,False,False,,B,PEDESTRIAN,,1,0,CLOUDY,RAINING,NO UNUSUAL CONDITIONS - NO UNUSUAL CONDITIONS,,,A,DAYLIGHT,,,,,,,B,CROSSING IN CROSS WALK AT INTERSECTION,,A,21950A,,1,LONDON ST,INGLE,,,B,,,AMAZON AV,,,A,7/29/2024 11:03:10 AM,1/29/2025 2:56:15 PM,,,2,,,,,,,
2865006,210819722,2,False,3801,12/11/2021 5:35:00 PM,1735,G4,1227,3801,San Francisco,38,True,True,G,VEHICLE/PEDESTRAIN,,Saturday,,,,,False,False,False,,B,PEDESTRIAN,,1,0,CLOUDY,RAINING,NO UNUSUAL CONDITIONS - NO UNUSUAL CONDITIONS,,,C,DARK-STREET LIGHTS,,,,,,,E,IN ROAD - INCLUDES SHOULDER,,A,21954A,,1,19TH AV,RICHM,,,B,N,52,GEARY BL,F,,D,7/29/2024 11:03:10 AM,1/29/2025 2:56:15 PM,,,2,,,,,,,
2865001,210826153,2,False,3801,12/14/2021 3:52:00 PM,1552,3B12D,1227,3801,San Francisco,38,True,True,G,VEHICLE/PEDESTRAIN,,Tuesday,,,,,False,False,False,,B,PEDESTRIAN,,1,0,CLEAR,,NO UNUSUAL CONDITIONS - NO UNUSUAL CONDITIONS,,,A,DAYLIGHT,,,,,,,D,CROSSING - NOT IN CROSSWALK,,A,21955,,1,HOWARD ST,SOUTH,,,A,W,225,4TH ST,F,,D,7/29/2024 11:03:09 AM,1/29/2025 2:56:15 PM,,,2,,,,,,,
2864997,210793201,2,False,3801,12/1/2021 2:35:00 PM,1435,,1227,3801,San Francisco,38,True,True,G,VEHICLE/PEDESTRAIN,,Wednesday,,,,,False,False,False,,B,PEDESTRIAN,,1,0,CLEAR,,NO UNUSUAL CONDITIONS - NO UNUSUAL CONDITIONS,,,A,DAYLIGHT,,,,,,,D,CROSSING - NOT IN CROSSWALK,,A,21954A,,1,TAYLOR ST,TENDE,,,A,N,80,EDDY ST,F,,D,7/29/2024 11:03:08 AM,1/29/2025 2:56:15 PM,,,2,,,,,,,
2864992,210820638,2,False,3801,12/12/2021 5:30:00 AM,0530,4,1227,3801,San Francisco,38,True,True,D,BROADSIDE,,Sunday,,,,,False,False,False,,B,PEDESTRIAN,,1,0,CLOUDY,RAINING,NO UNUSUAL CONDITIONS - NO UNUSUAL CONDITIONS,,,C,DARK-STREET LIGHTS,,,,,,,D,CROSSING - NOT IN CROSSWALK,,A,21950B,,1,MARKET ST,SOUTH,,,B,,,HAIGHT ST,,,A,7/29/2024 11:03:08 AM,1/29/2025 2:56:15 PM,,,2,,,,,,,
2864991,210821426,2,False,3801,12/12/2021 11:30:00 AM,1130,,1227,3801,San Francisco,38,True,True,G,VEHICLE/PEDESTRAIN,,Sunday,,,F,,False,False,False,,B,PEDESTRIAN,,1,0,RAINING,,NO UNUSUAL CONDITIONS - NO UNUSUAL CONDITIONS,,,A,DAYLIGHT,,,,,,,E,IN ROAD - INCLUDES SHOULDER,,A,22107,,1,MERCHANT ST,TENDE,,,B,W,77,MONTGOMERY ST,F,,D,7/29/2024 11:03:08 AM,1/29/2025 2:56:15 PM,,,2,,,,,,,
2864989,210821460,2,False,3801,12/12/2021 2:40:00 PM,1440,A3,1227,3801,San Francisco,38,True,True,B,SIDE SWIPE,,Sunday,,,F,,False,False,False,,B,PEDESTRIAN,,1,0,RAINING,,NO UNUSUAL CONDITIONS - NO UNUSUAL CONDITIONS,,,A,DAYLIGHT,,,,,,,E,IN ROAD - INCLUDES SHOULDER,,A,22350,,1,BAY ST,CENTR,,,B,,,TAYLOR ST,,,A,7/29/2024 11:03:07 AM,1/29/2025 2:56:15 PM,,,2,,,,,,,
2864988,210821523,2,False,3801,12/11/2021 7:00:00 PM,1900,3B15C,1227,3801,San Francisco,38,True,True,G,VEHICLE/PEDESTRAIN,,Saturday,,,,,False,False,False,,B,PEDESTRIAN,,1,0,CLEAR,,NO UNUSUAL CONDITIONS - NO UNUSUAL CONDITIONS,,,C,DARK-STREET LIGHTS,,,,,,,D,CROSSING - NOT IN CROSSWALK,,A,21950A,,1,CHANNEL ST,SOUTH,,,A,,,4TH ST,,,A,7/29/2024 11:03:07 AM,1/29/2025 2:56:14 PM,,,2,,,,,,,
2864986,210821711,2,False,3801,12/12/2021 5:36:00 PM,1736,3E14D,1227,3801,San Francisco,38,True,True,G,VEHICLE/PEDESTRAIN,,Sunday,,,,,False,False,False,,B,PEDESTRIAN,,1,0,RAINING,,NO UNUSUAL CONDITIONS - NO UNUSUAL CONDITIONS,,,C,DARK-STREET LIGHTS,,,,,,,B,CROSSING IN CROSS WALK AT INTERSECTION,,A,21950,,1,DIVISADERO ST,NORTH,,,B,,,PINE ST,,,A,7/29/2024 11:03:07 AM,1/29/2025 2:56:14 PM,,,2,,,,,,,
2864985,210821705,2,False,3801,12/12/2021 5:26:00 PM,1726,BAYVIE,1227,3801,San Francisco,38,True,True,G,VEHICLE/PEDESTRAIN,,Sunday,,,,,False,False,False,,B,PEDESTRIAN,,1,0,RAINING,,NO UNUSUAL CONDITIONS - NO UNUSUAL CONDITIONS,,,C,DARK-STREET LIGHTS,,,,,,,B,CROSSING IN CROSS WALK AT INTERSECTION,,A,21950A,,1,SILVER AV,BAYVI,,,B,,,SAN BRUNO AV,,,A,7/29/2024 11:03:07 AM,1/29/2025 2:56:14 PM,,,2,,,,,,,
2864982,210829862,2,False,3801,12/16/2021 11:19:00 PM,2319,,1227,3801,San Francisco,38,True,True,G,VEHICLE/PEDESTRAIN,,Thursday,,,F,,False,False,False,,B,PEDESTRIAN,,1,0,RAINING,WIND,NO UNUSUAL CONDITIONS - NO UNUSUAL CONDITIONS,,,C,DARK-STREET LIGHTS,,,,,,,D,CROSSING - NOT IN CROSSWALK,,A,21955,,1,HYDE ST,CENTR,,,B,S,25,GEARY ST,F,,A,7/29/2024 11:03:06 AM,1/29/2025 2:56:14 PM,,,2,,,,,,,
2864978,210825274,2,False,3801,12/14/2021 10:31:00 AM,1031,3G14A,1227,3801,San Francisco,38,True,True,G,VEHICLE/PEDESTRAIN,,Tuesday,,,,,False,False,False,,B,PEDESTRIAN,,1,0,CLEAR,,NO UNUSUAL CONDITIONS - NO UNUSUAL CONDITIONS,,,A,DAYLIGHT,,,,,,,B,CROSSING IN CROSS WALK AT INTERSECTION,,A,21950A,,1,37TH AV,RICHM,,,A,N,12,FULTON ST,F,,A,7/29/2024 11:03:05 AM,1/29/2025 2:56:14 PM,,,2,,,,,,,
2864977,210825597,2,False,3801,12/14/2021 12:30:00 PM,1230,3I16B,1227,3801,San Francisco,38,True,True,G,VEHICLE/PEDESTRAIN,,Tuesday,,,,,False,False,False,,B,PEDESTRIAN,,1,0,CLEAR,,,,,A,DAYLIGHT,,,,,,,B,CROSSING IN CROSS WALK AT INTERSECTION,,A,21950A,,1,OCEAN AV,TARAV,,,A,E,37,FAXON AV,F,,A,7/29/2024 11:03:05 AM,1/29/2025 2:56:14 PM,,,2,,,,,,,
2864598,2100557201,2,False,3801,8/30/2021 4:45:00 PM,1645,3B12D,1227,3801,San Francisco,38,True,True,G,VEHICLE/PEDESTRAIN,,Monday,,,,,False,False,False,,B,PEDESTRIAN,,1,0,CLEAR,,NO UNUSUAL CONDITIONS - NO UNUSUAL CONDITIONS,,,A,DAYLIGHT,,,,,,,B,CROSSING IN CROSS WALK AT INTERSECTION,,D,,,,MISSION ST,SOUTH,,,A,,,YERBA BUENA LN,,,D,7/29/2024 11:02:17 AM,1/29/2025 2:55:59 PM,,,2,,,,,,,
2876390,210791813,2,False,3801,11/30/2021 10:58:00 PM,2258,3J11E,1227,3801,San Francisco,38,True,True,G,VEHICLE/PEDESTRAIN,,Tuesday,,,,,False,False,False,,B,PEDESTRIAN,,1,0,CLEAR,,NO UNUSUAL CONDITIONS - NO UNUSUAL CONDITIONS,,,C,DARK-STREET LIGHTS,,,,,,,B,CROSSING IN CROSS WALK AT INTERSECTION,,A,21950A,,1,STEVENSON ST,TENDE,,,A,,,7TH ST,,,D,7/29/2024 11:29:40 AM,1/29/2025 3:03:55 PM,,,2,,,,,,,
2876028,210696683,2,False,3801,10/24/2021 6:53:00 AM,0653,3B14A,1227,3801,San Francisco,38,True,True,G,VEHICLE/PEDESTRAIN,,Sunday,,,F,,False,False,False,,B,PEDESTRIAN,,1,0,CLOUDY,RAINING,NO UNUSUAL CONDITIONS - NO UNUSUAL CONDITIONS,,,C,DARK-STREET LIGHTS,,,,,,,B,CROSSING IN CROSS WALK AT INTERSECTION,,A,21950A,,1,MISSION ST,SOUTH,,,B,,,9TH ST,,,A,7/29/2024 11:28:46 AM,1/29/2025 3:03:42 PM,,,2,,,,,,,
2876020,210459641,2,False,3801,7/20/2021 5:40:00 PM,1740,3B14D,1227,3801,San Francisco,38,True,True,G,VEHICLE/PEDESTRAIN,,Tuesday,,,,,False,False,False,,B,PEDESTRIAN,,1,0,CLOUDY,,NO UNUSUAL CONDITIONS - NO UNUSUAL CONDITIONS,,,A,DAYLIGHT,,,,,,,B,CROSSING IN CROSS WALK AT INTERSECTION,,A,21950A,,1,HARRISON ST,SOUTH,,,A,,,11TH ST,,,A,7/29/2024 11:28:45 AM,1/29/2025 3:03:42 PM,,,2,,,,,,,
2873846,210824630,2,False,3801,12/14/2021 1:30:00 AM,0130,3A13E,1227,3801,San Francisco,38,True,True,A,HEAD-ON,,Tuesday,,,F,,False,False,False,,B,PEDESTRIAN,,1,0,RAINING,,NO UNUSUAL CONDITIONS - NO UNUSUAL CONDITIONS,,,C,DARK-STREET LIGHTS,,,,,,,B,CROSSING IN CROSS WALK AT INTERSECTION,,A,21950A,,1,HYDE ST,CENTR,,,B,,,BUSH ST,,,A,7/29/2024 11:23:30 AM,1/29/2025 3:02:22 PM,,,3,,,,,,,
2873609,210785979,2,False,3801,11/28/2021 10:11:00 PM,2211,,1227,3801,San Francisco,38,True,True,G,VEHICLE/PEDESTRAIN,,Sunday,,,,,False,False,True,,B,PEDESTRIAN,,1,0,CLEAR,,NO UNUSUAL CONDITIONS - NO UNUSUAL CONDITIONS,,,C,DARK-STREET LIGHTS,,,,,,,D,CROSSING - NOT IN CROSSWALK,,B,,,2,MISSION ST,SOUTH,,,A,,,8TH ST,,,A,7/29/2024 11:23:00 AM,1/29/2025 3:02:14 PM,,,2,,,,,,,